Run_ID,Case,Purpose,Configuration,Acceptance_criterion,Observed_result,Protocol_verdict,Raw_status,Seed,Evidence
M1-FS-20260924-R02-CLEAN,Revolute joint,Проверить управление R-координатой и пределы,"target=0.55 rad; limits=[-1.0, 1.0] rad","target error, joint limits, low final velocity and bounded terminal variation",observed=0.548885284 rad; abs_error=0.001114716 rad; final_velocity=0.007041 rad/s; within_limits=True,PASS,PASS,none; deterministic probe,results/feasibility_results.json; models/revolute_probe.xml
M1-FS-20260924-R02-CLEAN,Prismatic joint,Проверить линейную координату и пределы,"target=0.12 m; limits=[0.0, 0.15] m","target error, joint limits, low final velocity and bounded terminal variation",observed=0.119999730 m; abs_error=0.000000270 m; final_velocity=0.00000359 m/s; within_limits=True,PASS,PASS,none; deterministic probe,results/feasibility_results.json; models/prismatic_probe.xml
M1-FS-20260924-R02-CLEAN,RGB camera,Проверить виртуальное изображение без GUI,"render=[480, 640, 3]; dtype=uint8; mode=offscreen OpenGL, no visible GUI window","640x480 uint8 RGB array, rendered object detected by RGB channel ordering, frame saved",channel=RGB as returned by MuJoCo Renderer; red_dominant_pixels=1517; frame=results/rgb_camera_frame.png,PASS,PASS,none; deterministic probe,results/feasibility_results.json; results/rgb_camera_frame.png; models/rgb_camera_probe.xml
M1-FS-20260924-R02-CLEAN,Contact gripper: recorded baseline,"Проверить bilateral contact, удержание, подъем и отпускание",mu=0.9; force=5.0 N; dt=0.002 s; object mass=0.025 kg; cube side=0.040 m,"one actuated gripper coordinate drives mechanically coupled fingers; bilateral physical contact, object rises >=45 mm and stays held in the terminal lift window; opening releases it to the floor; no object weld/attach constraint",lift=77.46 mm; hold_fraction=1.00; released_to_floor=True; weld_constraints=0; finger_mimic=1,PASS,PASS,none; deterministic probe,results/feasibility_results.json; results/gripper_contact_lift.png; results/gripper_contact_released.png; results/gripper_contact_probe.mp4
M1-FS-20260924-R02-CLEAN,Contact gripper: headless baseline,Сверить поведение без видеорендера,mu=0.9; force=5.0 N; dt=0.002 s,"one actuated gripper coordinate drives mechanically coupled fingers; bilateral physical contact, object rises >=45 mm and stays held in the terminal lift window; opening releases it to the floor; no object weld/attach constraint",lift=77.46 mm; hold_fraction=1.00; released_to_floor=True,PASS,PASS,none; deterministic probe,results/feasibility_results.json
M1-FS-20260924-R02-CLEAN,Low friction negative control,Проверить отсутствие ложного успеха при плохом трении,mu=0.005; force=5.0 N; dt=0.002 s,low normal-direction tangential capacity must fail to lift,lift=0.000000 mm; hold_fraction=0.00,PASS_EXPECTED_NEGATIVE,FAIL,none; deterministic probe,results/feasibility_results.json; results/gripper_low_friction.xml
M1-FS-20260924-R02-CLEAN,Low force negative control,Проверить отказ при недостаточном усилии,mu=0.9; force=0.05 N; dt=0.002 s,insufficient actuator force must fail to lift,lift=0.000000 mm; hold_fraction=0.00,PASS_EXPECTED_NEGATIVE,FAIL,none; deterministic probe,results/feasibility_results.json; results/gripper_low_force.xml
M1-FS-20260924-R02-CLEAN,Coarse timestep limitation,Выявить чувствительность контактной модели к крупному шагу,mu=0.9; force=5.0 N; dt=0.01 s,"Тест диагностический: результат должен быть записан, не подгонять под успех",bilateral_contact=False; lift=0.000001 mm; protocol=LIMITATION_DETECTED,LIMITATION_DETECTED,FAIL,none; deterministic probe,results/feasibility_results.json; results/gripper_coarse_timestep.xml
M1-FS-20260924-R02-CLEAN,MP4 round trip,Проверить кодирование и полное декодирование диагностической записи,640x480 px; 25.0 fps,MP4 encoded from simulator camera frames and decoded to completion with expected dimensions,frames=95; duration=3.8 s; bytes=57909; full_decode=True,PASS,PASS,none; deterministic probe,results/feasibility_results.json; results/gripper_contact_probe.mp4
