lab_delta_threshold,minimum_confidence,score,detection_f1,xy_p95_m
16.0,0.36,1.0,1.0,0.0012910809254272984
16.0,0.48,1.0,1.0,0.0012910809254272984
16.0,0.6,1.0,1.0,0.0012910809254272984
22.0,0.36,1.0,1.0,0.0012910809254272984
22.0,0.48,1.0,1.0,0.0012910809254272984
22.0,0.6,1.0,1.0,0.0012910809254272984
28.0,0.36,1.0,1.0,0.0012910809254272984
28.0,0.48,1.0,1.0,0.0012910809254272984
28.0,0.6,1.0,1.0,0.0012910809254272984
34.0,0.36,1.0,1.0,0.0015205163592342474
34.0,0.48,1.0,1.0,0.0015205163592342474
34.0,0.6,1.0,1.0,0.0015205163592342474
