event_type,reason_code_or_expression,source_site,semantic,boundary
CYCLE_CLOSED,self._cycle_outcome or 'SAFE_FAILURE',controller.py:1395,Structured ControllerEvent; details schema is event-specific.,M6 controller policy; no evaluator truth.
CYCLE_TIMEOUT_NO_PAYLOAD,reason,controller.py:1126,Structured ControllerEvent; details schema is event-specific.,M6 controller policy; no evaluator truth.
DUPLICATE_TRACK_COLLAPSED,SAME_M4_TRACK_ID,controller.py:1215,Structured ControllerEvent; details schema is event-specific.,M6 controller policy; no evaluator truth.
EMPTY_SCENE_OBSERVED,VALID_EMPTY_INPUT_ROI,controller.py:421,Structured ControllerEvent; details schema is event-specific.,M6 controller policy; no evaluator truth.
EXECUTION_COMMAND_ISSUED,M5_PHASE_GROUP,controller.py:341,Structured ControllerEvent; details schema is event-specific.,M6 controller policy; no evaluator truth.
EXECUTION_FAILED,reason,controller.py:1022,Structured ControllerEvent; details schema is event-specific.,M6 controller policy; no evaluator truth.
EXECUTION_FEEDBACK_IGNORED,COMMAND_ID_MISMATCH; STALE_OR_FUTURE_FEEDBACK,"controller.py:776,782,843",Structured ControllerEvent; details schema is event-specific.,M6 controller policy; no evaluator truth.
GRASP_FAILED,reason,controller.py:1044,Structured ControllerEvent; details schema is event-specific.,M6 controller policy; no evaluator truth.
HOLD_CONFIRMED,FINGER_SIGNAL_AND_SOURCE_ABSENCE,controller.py:891,Structured ControllerEvent; details schema is event-specific.,M6 controller policy; no evaluator truth.
INIT_WAIT,ARM_STATE_NOT_VALID; DEPENDENCY_NOT_READY; GRIPPER_STATE_NOT_KNOWN; NO_FRESH_EMPTY_GRIPPER_EVIDENCE,"controller.py:375,379,382,395",Structured ControllerEvent; details schema is event-specific.,M6 controller policy; no evaluator truth.
OBSERVATION_IGNORED,reason,controller.py:409,Structured ControllerEvent; details schema is event-specific.,M6 controller policy; no evaluator truth.
OBSERVATION_REQUESTED,FRESH_FRAME_REQUIRED,controller.py:294,Structured ControllerEvent; details schema is event-specific.,M6 controller policy; no evaluator truth.
PERCEPTION_FAILURE,reason,controller.py:1133,Structured ControllerEvent; details schema is event-specific.,M6 controller policy; no evaluator truth.
PLACEMENT_CONTROLLER_CONFIRMED,PUBLIC_PERCEPTION_MATCHED_CLASS_ZONE_SLOT,controller.py:1375,Structured ControllerEvent; details schema is event-specific.,M6 controller policy; no evaluator truth.
PLACEMENT_NOT_CONFIRMED,PLACE_EVIDENCE_MISMATCH,controller.py:953,Structured ControllerEvent; details schema is event-specific.,M6 controller policy; no evaluator truth.
PLACE_EVIDENCE_IGNORED,FORBIDDEN_EVIDENCE_SOURCE; NON_NEW_PUBLIC_FRAME; STALE_OR_FUTURE_PLACE_EVIDENCE; UNKNOWN_PLACE_EVIDENCE_STATUS,"controller.py:901,906,911,922",Structured ControllerEvent; details schema is event-specific.,M6 controller policy; no evaluator truth.
PLACE_EVIDENCE_INCONCLUSIVE,evidence.reason_code or evidence.status.value,controller.py:917,Structured ControllerEvent; details schema is event-specific.,M6 controller policy; no evaluator truth.
PLACE_NOT_VERIFIED,PLACE_VERIFICATION_TIMEOUT,controller.py:1094,Structured ControllerEvent; details schema is event-specific.,M6 controller policy; no evaluator truth.
PLACE_WAITING_FOR_HOLD_EVIDENCE,FRESH_HOLD_REQUIRED,controller.py:813,Structured ControllerEvent; details schema is event-specific.,M6 controller policy; no evaluator truth.
PLAN_ACCEPTED,FULL_M5_PREFLIGHT_SUCCESS,controller.py:613,Structured ControllerEvent; details schema is event-specific.,M6 controller policy; no evaluator truth.
PLAN_REJECTED,code.value,controller.py:754,Structured ControllerEvent; details schema is event-specific.,M6 controller policy; no evaluator truth.
PLAN_REQUESTED,M5_FULL_CYCLE_PREFLIGHT,controller.py:320,Structured ControllerEvent; details schema is event-specific.,M6 controller policy; no evaluator truth.
PLAN_RESPONSE_IGNORED,STALE_REQUEST_ID,controller.py:587,Structured ControllerEvent; details schema is event-specific.,M6 controller policy; no evaluator truth.
PLAN_RETRY_SCHEDULED,code.value,controller.py:718,Structured ControllerEvent; details schema is event-specific.,M6 controller policy; no evaluator truth.
RECOVERY_FEEDBACK_IGNORED,STALE_REQUEST_ID,controller.py:970,Structured ControllerEvent; details schema is event-specific.,M6 controller policy; no evaluator truth.
RECOVERY_NO_MOTION_REQUIRED,self._recovery_reason or 'NO_MOTION',controller.py:347,Structured ControllerEvent; details schema is event-specific.,M6 controller policy; no evaluator truth.
RECOVERY_REQUESTED,request.reason_code,controller.py:366,Structured ControllerEvent; details schema is event-specific.,M6 controller policy; no evaluator truth.
RELEASE_WAITING_FOR_EMPTY_GRIPPER,FRESH_RELEASE_EVIDENCE_REQUIRED,controller.py:825,Structured ControllerEvent; details schema is event-specific.,M6 controller policy; no evaluator truth.
RESET_REJECTED,ARM_OR_GRIPPER_STATE_UNKNOWN; GRIPPER_NOT_CONFIRMED_EMPTY; INTERLOCK_OR_DEPENDENCY_NOT_READY,"controller.py:1444,1448,1451",Structured ControllerEvent; details schema is event-specific.,M6 controller policy; no evaluator truth.
SAFE_STOP_REASON_RETAINED,reason,controller.py:1437,Structured ControllerEvent; details schema is event-specific.,M6 controller policy; no evaluator truth.
SCENE_INCOMPLETE,OCCLUDED_TRACK_BLOCKS_SAFE_PLANNING,controller.py:443,Structured ControllerEvent; details schema is event-specific.,M6 controller policy; no evaluator truth.
SENSOR_EVIDENCE_IGNORED,FORBIDDEN_HOLD_EVIDENCE_SOURCE,controller.py:1254,Structured ControllerEvent; details schema is event-specific.,M6 controller policy; no evaluator truth.
STATE_ENTERED,CONTROLLER_START; reason_code,"controller.py:165,256",Structured ControllerEvent; details schema is event-specific.,M6 controller policy; no evaluator truth.
STATE_TRANSITION,reason_code,controller.py:253,Structured ControllerEvent; details schema is event-specific.,M6 controller policy; no evaluator truth.
STATE_TRANSITION_FORCED_SAFE,reason,controller.py:1423,Structured ControllerEvent; details schema is event-specific.,M6 controller policy; no evaluator truth.
TARGET_SELECTED,DETERMINISTIC_LOWEST_COST,controller.py:530,Structured ControllerEvent; details schema is event-specific.,M6 controller policy; no evaluator truth.
TEST_LIFT_COMPLETE,WAITING_FOR_PUBLIC_HOLD_AND_SOURCE_EVIDENCE,controller.py:859,Structured ControllerEvent; details schema is event-specific.,M6 controller policy; no evaluator truth.
TRACK_SKIPPED,TRACK_ATTEMPT_BUDGET_EXHAUSTED; UNKNOWN_COLOR_CONFIRMED; UNSUPPORTED_COLOR_CLASS; ZONE_CAPACITY_EXHAUSTED; f'PLAN_{code.value}_RETRY_EXHAUSTED',"controller.py:473,484,490,502,724",Structured ControllerEvent; details schema is event-specific.,M6 controller policy; no evaluator truth.
TRANSFER_WAITING_FOR_HOLD_EVIDENCE,FRESH_HOLD_REQUIRED,controller.py:803,Structured ControllerEvent; details schema is event-specific.,M6 controller policy; no evaluator truth.
UNKNOWN_COLOR_OBSERVED,detection.reason or 'COLOR_UNKNOWN',controller.py:465,Structured ControllerEvent; details schema is event-specific.,M6 controller policy; no evaluator truth.
