State,Handler,Behavior test,Test cases,Guard test
INIT,Проверка готовности,Да,test_init_fails_closed_without_fresh_empty_gripper_signal; test_nominal_cycle_requires_public_hold_and_place_evidence,test_transition_guard_covers_all_declared_and_forbidden_edges
OBSERVE,Получение кадра,Да,test_camera_failures_are_bounded_and_latch_safe_stop; test_valid_empty_scene_is_not_treated_as_camera_failure; test_stale_frame_is_rejected_before_selection,test_transition_guard_covers_all_declared_and_forbidden_edges
SELECT,Выбор объекта и места,Да,test_unknown_is_never_mapped_to_a_sorting_zone; test_all_slots_full_yields_safe_skip_without_planning_or_fake_placement; test_multiple_objects_are_processed_once_across_batch_cycles,test_transition_guard_covers_all_declared_and_forbidden_edges
PLAN,Полный preflight M5,Да,test_transient_planner_failure_has_one_bounded_retry; test_problematic_candidate_does_not_starve_next_candidate; test_m5_plan_with_reordered_phases_is_rejected_before_motion,test_transition_guard_covers_all_declared_and_forbidden_edges
APPROACH,Подход к объекту,Да,test_nominal_cycle_requires_public_hold_and_place_evidence; test_execution_failure_without_payload_releases_reservations,test_transition_guard_covers_all_declared_and_forbidden_edges
DESCEND,Опускание,Да,test_nominal_cycle_requires_public_hold_and_place_evidence; test_descend_execution_failure_with_fresh_no_hold_enters_recover; test_emergency_stop_latches_from_every_active_state,test_transition_guard_covers_all_declared_and_forbidden_edges
GRASP,Закрытие пальцев,Да,test_nominal_cycle_requires_public_hold_and_place_evidence; test_grasp_execution_failure_with_fresh_no_hold_enters_recover; test_grasp_execution_failure_with_unknown_hold_latches_safe_stop,test_transition_guard_covers_all_declared_and_forbidden_edges
VERIFY_HOLD,Пробный подъём и проверка удержания,Да,test_hold_verification_timeout_with_no_fresh_sensor_is_safe_stop; test_grasp_attempt_budget_stops_after_one_bounded_retry,test_transition_guard_covers_all_declared_and_forbidden_edges
TRANSFER,Перенос с контролем удержания,Да,test_lost_payload_during_transfer_quarantines_slot_and_stops; test_stale_hold_signal_during_transfer_latches_safe_stop,test_transition_guard_covers_all_declared_and_forbidden_edges
PLACE,Опускание в зарезервированное место,Да,test_nominal_cycle_requires_public_hold_and_place_evidence; test_transfer_invariant_requires_fresh_public_hold,test_transition_guard_covers_all_declared_and_forbidden_edges
RELEASE,Отпускание,Да,test_release_confirmation_timeout_preserves_slot_and_stops; test_multiple_objects_are_processed_once_across_batch_cycles,test_transition_guard_covers_all_declared_and_forbidden_edges
VERIFY_PLACE,Проверка места камерой,Да,test_nominal_cycle_requires_public_hold_and_place_evidence; test_evaluator_only_placement_evidence_is_ignored; test_place_timeout_quarantines_instead_of_counting_success; test_verify_place_cycle_timeout_enters_recover_without_claiming_sort,test_transition_guard_covers_all_declared_and_forbidden_edges
RETREAT,Отход и возврат,Да,test_nominal_cycle_requires_public_hold_and_place_evidence; test_retreat_execution_failure_never_claims_placement,test_transition_guard_covers_all_declared_and_forbidden_edges
RECOVER,Ограниченное восстановление,Да,test_recovery_budget_resets_after_completed_safe_recovery; test_recovery_failure_and_timeout_escalate_to_safe_stop,test_transition_guard_covers_all_declared_and_forbidden_edges
SAFE_STOP,Защёлкнутая безопасная остановка,Да,test_safe_stop_holding_payload_preserves_slot_and_never_opens_gripper; test_safe_stop_reset_requires_explicit_safe_disposition,test_transition_guard_covers_all_declared_and_forbidden_edges
DONE,Пакет завершён,Да,test_done_means_controller_terminated_not_all_items_sorted,test_transition_guard_covers_all_declared_and_forbidden_edges
