From,To,Behavioral path,Test case,Priority,Coverage note
INIT,OBSERVE,Да,test_nominal_cycle_requires_public_hold_and_place_evidence,P1,Для каждой разрешённой дуги указан отдельный behavioral test case; общий guard отдельно проверяет объявленные и запрещённые переходы.
INIT,SAFE_STOP,Да,test_init_fails_closed_without_fresh_empty_gripper_signal,P0,Для каждой разрешённой дуги указан отдельный behavioral test case; общий guard отдельно проверяет объявленные и запрещённые переходы.
OBSERVE,SELECT,Да,test_nominal_cycle_requires_public_hold_and_place_evidence,P1,Для каждой разрешённой дуги указан отдельный behavioral test case; общий guard отдельно проверяет объявленные и запрещённые переходы.
OBSERVE,SAFE_STOP,Да,test_camera_failures_are_bounded_and_latch_safe_stop,P0,Для каждой разрешённой дуги указан отдельный behavioral test case; общий guard отдельно проверяет объявленные и запрещённые переходы.
OBSERVE,DONE,Да,test_done_means_controller_terminated_not_all_items_sorted,P1,Для каждой разрешённой дуги указан отдельный behavioral test case; общий guard отдельно проверяет объявленные и запрещённые переходы.
SELECT,OBSERVE,Да,test_unknown_is_never_mapped_to_a_sorting_zone,P1,Для каждой разрешённой дуги указан отдельный behavioral test case; общий guard отдельно проверяет объявленные и запрещённые переходы.
SELECT,PLAN,Да,test_nominal_cycle_requires_public_hold_and_place_evidence,P1,Для каждой разрешённой дуги указан отдельный behavioral test case; общий guard отдельно проверяет объявленные и запрещённые переходы.
SELECT,SAFE_STOP,Да,test_emergency_stop_latches_from_every_active_state,P0,Для каждой разрешённой дуги указан отдельный behavioral test case; общий guard отдельно проверяет объявленные и запрещённые переходы.
SELECT,DONE,Да,test_all_slots_full_yields_safe_skip_without_planning_or_fake_placement,P1,Для каждой разрешённой дуги указан отдельный behavioral test case; общий guard отдельно проверяет объявленные и запрещённые переходы.
PLAN,APPROACH,Да,test_nominal_cycle_requires_public_hold_and_place_evidence,P1,Для каждой разрешённой дуги указан отдельный behavioral test case; общий guard отдельно проверяет объявленные и запрещённые переходы.
PLAN,RECOVER,Да,test_problematic_candidate_does_not_starve_next_candidate,P1,Для каждой разрешённой дуги указан отдельный behavioral test case; общий guard отдельно проверяет объявленные и запрещённые переходы.
PLAN,SAFE_STOP,Да,test_m5_plan_with_reordered_phases_is_rejected_before_motion,P0,Для каждой разрешённой дуги указан отдельный behavioral test case; общий guard отдельно проверяет объявленные и запрещённые переходы.
APPROACH,DESCEND,Да,test_nominal_cycle_requires_public_hold_and_place_evidence,P1,Для каждой разрешённой дуги указан отдельный behavioral test case; общий guard отдельно проверяет объявленные и запрещённые переходы.
APPROACH,RECOVER,Да,test_execution_failure_without_payload_releases_reservations,P1,Для каждой разрешённой дуги указан отдельный behavioral test case; общий guard отдельно проверяет объявленные и запрещённые переходы.
APPROACH,SAFE_STOP,Да,test_cycle_timeout_without_payload_releases_reservations,P0,Для каждой разрешённой дуги указан отдельный behavioral test case; общий guard отдельно проверяет объявленные и запрещённые переходы.
DESCEND,GRASP,Да,test_nominal_cycle_requires_public_hold_and_place_evidence,P1,Для каждой разрешённой дуги указан отдельный behavioral test case; общий guard отдельно проверяет объявленные и запрещённые переходы.
DESCEND,RECOVER,Да,test_descend_execution_failure_with_fresh_no_hold_enters_recover,P1,Для каждой разрешённой дуги указан отдельный behavioral test case; общий guard отдельно проверяет объявленные и запрещённые переходы.
DESCEND,SAFE_STOP,Да,test_emergency_stop_latches_from_every_active_state,P0,Для каждой разрешённой дуги указан отдельный behavioral test case; общий guard отдельно проверяет объявленные и запрещённые переходы.
GRASP,VERIFY_HOLD,Да,test_nominal_cycle_requires_public_hold_and_place_evidence,P1,Для каждой разрешённой дуги указан отдельный behavioral test case; общий guard отдельно проверяет объявленные и запрещённые переходы.
GRASP,RECOVER,Да,test_grasp_execution_failure_with_fresh_no_hold_enters_recover,P1,Для каждой разрешённой дуги указан отдельный behavioral test case; общий guard отдельно проверяет объявленные и запрещённые переходы.
GRASP,SAFE_STOP,Да,test_grasp_execution_failure_with_unknown_hold_latches_safe_stop,P0,Для каждой разрешённой дуги указан отдельный behavioral test case; общий guard отдельно проверяет объявленные и запрещённые переходы.
VERIFY_HOLD,TRANSFER,Да,test_nominal_cycle_requires_public_hold_and_place_evidence,P1,Для каждой разрешённой дуги указан отдельный behavioral test case; общий guard отдельно проверяет объявленные и запрещённые переходы.
VERIFY_HOLD,RECOVER,Да,test_grasp_attempt_budget_stops_after_one_bounded_retry,P1,Для каждой разрешённой дуги указан отдельный behavioral test case; общий guard отдельно проверяет объявленные и запрещённые переходы.
VERIFY_HOLD,SAFE_STOP,Да,test_hold_verification_timeout_with_no_fresh_sensor_is_safe_stop,P0,Для каждой разрешённой дуги указан отдельный behavioral test case; общий guard отдельно проверяет объявленные и запрещённые переходы.
TRANSFER,PLACE,Да,test_nominal_cycle_requires_public_hold_and_place_evidence,P1,Для каждой разрешённой дуги указан отдельный behavioral test case; общий guard отдельно проверяет объявленные и запрещённые переходы.
TRANSFER,SAFE_STOP,Да,test_lost_payload_during_transfer_quarantines_slot_and_stops,P0,Для каждой разрешённой дуги указан отдельный behavioral test case; общий guard отдельно проверяет объявленные и запрещённые переходы.
PLACE,RELEASE,Да,test_nominal_cycle_requires_public_hold_and_place_evidence,P1,Для каждой разрешённой дуги указан отдельный behavioral test case; общий guard отдельно проверяет объявленные и запрещённые переходы.
PLACE,SAFE_STOP,Да,test_emergency_stop_latches_from_every_active_state,P0,Для каждой разрешённой дуги указан отдельный behavioral test case; общий guard отдельно проверяет объявленные и запрещённые переходы.
RELEASE,RETREAT,Да,test_nominal_cycle_requires_public_hold_and_place_evidence,P1,Для каждой разрешённой дуги указан отдельный behavioral test case; общий guard отдельно проверяет объявленные и запрещённые переходы.
RELEASE,SAFE_STOP,Да,test_release_confirmation_timeout_preserves_slot_and_stops,P0,Для каждой разрешённой дуги указан отдельный behavioral test case; общий guard отдельно проверяет объявленные и запрещённые переходы.
VERIFY_PLACE,OBSERVE,Да,test_nominal_cycle_requires_public_hold_and_place_evidence,P1,Для каждой разрешённой дуги указан отдельный behavioral test case; общий guard отдельно проверяет объявленные и запрещённые переходы.
VERIFY_PLACE,RECOVER,Да,test_verify_place_cycle_timeout_enters_recover_without_claiming_sort,P1,Для каждой разрешённой дуги указан отдельный behavioral test case; общий guard отдельно проверяет объявленные и запрещённые переходы.
VERIFY_PLACE,SAFE_STOP,Да,test_emergency_stop_latches_from_every_active_state,P0,Для каждой разрешённой дуги указан отдельный behavioral test case; общий guard отдельно проверяет объявленные и запрещённые переходы.
RETREAT,VERIFY_PLACE,Да,test_nominal_cycle_requires_public_hold_and_place_evidence,P1,Для каждой разрешённой дуги указан отдельный behavioral test case; общий guard отдельно проверяет объявленные и запрещённые переходы.
RETREAT,RECOVER,Да,test_retreat_execution_failure_never_claims_placement,P1,Для каждой разрешённой дуги указан отдельный behavioral test case; общий guard отдельно проверяет объявленные и запрещённые переходы.
RETREAT,SAFE_STOP,Да,test_emergency_stop_latches_from_every_active_state,P0,Для каждой разрешённой дуги указан отдельный behavioral test case; общий guard отдельно проверяет объявленные и запрещённые переходы.
RECOVER,OBSERVE,Да,test_recovery_budget_resets_after_completed_safe_recovery,P1,Для каждой разрешённой дуги указан отдельный behavioral test case; общий guard отдельно проверяет объявленные и запрещённые переходы.
RECOVER,SAFE_STOP,Да,test_recovery_failure_and_timeout_escalate_to_safe_stop,P0,Для каждой разрешённой дуги указан отдельный behavioral test case; общий guard отдельно проверяет объявленные и запрещённые переходы.
SAFE_STOP,INIT,Да,test_safe_stop_reset_requires_explicit_safe_disposition,P1,Для каждой разрешённой дуги указан отдельный behavioral test case; общий guard отдельно проверяет объявленные и запрещённые переходы.
