body_name,ground_truth_class,initial_x_m,initial_y_m,initial_yaw_rad,track_id,detected_class,color_outcome,detection_status,confidence,merged_candidate_split,xy_error_m,yaw_error_rad_symmetry_90deg,frame_id,simulation_time_s,controller_status,controller_class,controller_failure_reasons,final_x_m,final_y_m,final_z_m,final_zone,final_slot,settled,resting_on_tray,physical_sort_success,horizontal_slot_error_m,controller_attempts,controller_grasp_attempts,bilateral_contact_samples,first_bilateral_contact_time_s,maximum_relative_slip_m,trial_id,run_id,experiment_id,variant_id
object_green_01,GREEN,0.0,-0.25,0.35,2,GREEN,CORRECT,VALID,0.8936170212765957,FALSE,0.0003980953174186417,0.0014457901332040057,2,0.01,SKIPPED_UNREACHABLE,GREEN,COLLISION_GRASP,-1.3357707572221146e-19,-0.25,0.007900670019429658,,,TRUE,TRUE,FALSE,0.4969346033433373,1,0,0,,,v11_blocked_path,blocked_grasp_route-bf476cdd34,v11_blocked_path,fixed
object_red_01,RED,-0.065,-0.25,0.0,1,UNKNOWN,UNKNOWN_ABSTENTION,UNKNOWN,1.0,FALSE,0.00157593545917179,0.00013427337142424278,2,0.01,SKIPPED_UNKNOWN,UNKNOWN,UNKNOWN_COLOR_CONFIRMED,-0.065,-0.25,0.007900670019429653,,,TRUE,TRUE,FALSE,0.47616068716348264,0,0,0,,,v11_blocked_path,blocked_grasp_route-bf476cdd34,v11_blocked_path,fixed
object_blue_01,BLUE,0.065,-0.25,0.0,3,UNKNOWN,UNKNOWN_ABSTENTION,UNKNOWN,1.0,FALSE,0.001580559255780773,0.00011937221023039513,2,0.01,SKIPPED_UNKNOWN,UNKNOWN,UNKNOWN_COLOR_CONFIRMED,0.065,-0.25,0.007900670019429653,,,TRUE,TRUE,FALSE,0.47616068716348264,0,0,0,,,v11_blocked_path,blocked_grasp_route-bf476cdd34,v11_blocked_path,fixed
object_red_01,RED,-0.017,-0.25,0.0,1,RED,CORRECT,VALID,1.0,TRUE,0.000492447396459535,0.0001290281626840084,2,0.01,SKIPPED_UNREACHABLE,RED,BRANCH_DISCONTINUITY,-0.017,-0.25,0.007935028431075613,,,TRUE,TRUE,FALSE,0.4907555399585418,1,0,0,,,v08_adjacent_pair,m9_adjacent_pair-42f148c31e,v08_adjacent_pair,fixed
object_green_01,GREEN,0.017,-0.25,0.0,2,GREEN,CORRECT,VALID,1.0,TRUE,0.00047603535252404764,0.00012512604263825722,2,0.01,SKIPPED_UNREACHABLE,GREEN,BRANCH_DISCONTINUITY,0.017,-0.25,0.007935028431075613,,,TRUE,TRUE,FALSE,0.4907555399585418,1,0,0,,,v08_adjacent_pair,m9_adjacent_pair-42f148c31e,v08_adjacent_pair,fixed
object_green_01,GREEN,0.0,-0.25,0.35,3,GREEN,CORRECT,VALID,0.8936170212765957,FALSE,0.0003980953174186417,0.0014457901332040057,2,0.01,SKIPPED_UNREACHABLE,GREEN,COLLISION_GRASP,-1.4825575964156992e-16,-0.25,0.007947014951186646,,,TRUE,TRUE,FALSE,0.4969346033433372,1,0,0,,,v05_blocked_plus_reachable,m9_blocked_plus_reachable-e6d55505e7,v05_blocked_plus_reachable,fixed
object_red_01,RED,-0.065,-0.25,0.0,2,UNKNOWN,UNKNOWN_ABSTENTION,UNKNOWN,1.0,FALSE,0.00157593545917179,0.00013427337142424278,2,0.01,SKIPPED_UNKNOWN,UNKNOWN,UNKNOWN_COLOR_CONFIRMED,-0.065,-0.25,0.00794701495118584,,,TRUE,TRUE,FALSE,0.47616068716348264,0,0,0,,,v05_blocked_plus_reachable,m9_blocked_plus_reachable-e6d55505e7,v05_blocked_plus_reachable,fixed
object_blue_01,BLUE,0.065,-0.25,0.0,4,UNKNOWN,UNKNOWN_ABSTENTION,UNKNOWN,1.0,FALSE,0.001580559255780773,0.00011937221023039513,2,0.01,SKIPPED_UNKNOWN,UNKNOWN,UNKNOWN_COLOR_CONFIRMED,0.065,-0.25,0.00794701495118584,,,TRUE,TRUE,FALSE,0.47616068716348264,0,0,0,,,v05_blocked_plus_reachable,m9_blocked_plus_reachable-e6d55505e7,v05_blocked_plus_reachable,fixed
object_red_02,RED,-0.115,-0.31,0.3,1,RED,CORRECT,VALID,0.8325123152709359,FALSE,0.0003763051633986607,0.0219731748104095,2,0.01,PLACED_CONTROLLER_CONFIRMED,RED,,-0.24998093973914381,0.20831629695843665,0.011901752162264956,RED,RED:0,TRUE,TRUE,TRUE,0.0026289656272264787,1,0,1535,41.16,0.00180447353,v05_blocked_plus_reachable,m9_blocked_plus_reachable-e6d55505e7,v05_blocked_plus_reachable,fixed
object_red_01,RED,0.125,-0.165,-0.7853981633974483,1,RED,CORRECT,VALID,0.9183673469387755,FALSE,0.00034384170019932084,0.00019129316077926006,2,0.01,PLACED_CONTROLLER_CONFIRMED,RED,,-0.24956362270326166,0.20927328144879148,0.011947014974573778,RED,RED:0,TRUE,TRUE,TRUE,0.0025424504291593664,1,0,1453,28.48,0.00215471174,v04_boundary_ne,m9_boundary_ne-ae81991719,v04_boundary_ne,fixed
object_blue_01,BLUE,-0.125,-0.165,0.7853981633974483,1,BLUE,CORRECT,VALID,0.9183673469387755,FALSE,0.0003041780857294401,0.0001822332547734007,2,0.01,SKIPPED_UNREACHABLE,BLUE,BRANCH_DISCONTINUITY,-0.125,-0.165,0.007900670019429654,,,TRUE,TRUE,FALSE,0.3802551774795446,1,0,0,,,v04_boundary_nw,m9_boundary_nw-a808878f9f,v04_boundary_nw,fixed
object_green_01,GREEN,0.125,-0.335,0.7853981633974483,1,GREEN,CORRECT,VALID,0.7916666666666666,FALSE,0.001020427578965461,0.00019716620247667294,2,0.01,PLACED_CONTROLLER_CONFIRMED,GREEN,,-0.02912053275496694,0.29971658345713753,0.011947019983536294,GREEN,GREEN:0,TRUE,TRUE,TRUE,0.0028933815081987353,1,0,1158,31.0,0.00189122865,v04_boundary_se,m9_boundary_se-7cfb823d51,v04_boundary_se,fixed
object_red_01,RED,-0.125,-0.335,-0.7853981633974483,1,RED,CORRECT,VALID,0.7880184331797235,FALSE,0.00102780139960618,0.00018861095176436748,2,0.01,PLACED_CONTROLLER_CONFIRMED,RED,,-0.24948353725271655,0.20935168700304918,0.011947109391306164,RED,RED:0,TRUE,TRUE,TRUE,0.0025986331985258584,1,0,1555,40.4,0.00136879251,v04_boundary_sw,m9_boundary_sw-fcbb60cdd2,v04_boundary_sw,fixed
object_red_01,RED,-0.125,-0.25,0.0,1,RED,CORRECT,VALID,0.8086124401913876,FALSE,0.000866803774731975,0.00014190276595549278,2,0.01,PLACED_CONTROLLER_CONFIRMED,RED,,-0.25129987676588167,0.210506061308814,0.011947014964379256,RED,RED:0,TRUE,TRUE,TRUE,0.000863869545261816,1,0,1644,44.84,0.001807195,v12_outer_left,m9_outer_left-f753aec1df,v12_outer_left,fixed
object_green_01,GREEN,0.125,-0.25,0.0,1,GREEN,CORRECT,VALID,0.8164251207729468,FALSE,0.0007976093986331846,0.00011233886214689903,2,0.01,PLACED_CONTROLLER_CONFIRMED,GREEN,,-0.03179933913849789,0.29932190352005694,0.011947014955619093,GREEN,GREEN:0,TRUE,TRUE,TRUE,0.0007071630769843121,1,0,1127,31.84,0.00185429992,v12_outer_right,m9_outer_right-421faab004,v12_outer_right,fixed
object_blue_01,BLUE,0.07680368869872592,-0.17003909904841935,0.08387857150399458,3,BLUE,CORRECT,VALID,0.9222222222222223,FALSE,0.0010465269786729026,0.08373329909142224,2,0.01,PLACED_CONTROLLER_CONFIRMED,BLUE,,0.18857798826325384,0.20926075375731137,0.011947014950693698,BLUE,BLUE:0,TRUE,TRUE,TRUE,0.0009383791556659952,1,0,1049,31.64,0.00237449366,V03_RANDOM_MIXED__nominal__20261017,m9_random_mixed_three-03315c08cc,V03_RANDOM_MIXED,nominal
object_red_01,RED,-0.05751101778486947,-0.26131092848437626,0.03387587821479443,1,RED,CORRECT,VALID,0.9027027027027027,FALSE,0.0002892065314985886,0.03400943633048126,2,0.01,PLACED_CONTROLLER_CONFIRMED,RED,,-0.25151720349479295,0.21101170381041198,0.011947014952092185,RED,RED:0,TRUE,TRUE,TRUE,0.0011209982450665487,1,0,1617,292.12,0.00242935708,V03_RANDOM_MIXED__nominal__20261017,m9_random_mixed_three-03315c08cc,V03_RANDOM_MIXED,nominal
object_green_01,GREEN,0.042831037639401714,-0.25281980444204677,0.08654796498909734,2,GREEN,CORRECT,VALID,0.8864864864864865,FALSE,0.0009181251177458,0.08640579201805332,2,0.01,PLACED_CONTROLLER_CONFIRMED,GREEN,,-0.030391427940424768,0.2993889490217225,0.011947015078068536,GREEN,GREEN:0,TRUE,TRUE,TRUE,0.0017207229204319956,1,0,1281,149.28,0.00256259505,V03_RANDOM_MIXED__nominal__20261017,m9_random_mixed_three-03315c08cc,V03_RANDOM_MIXED,nominal
object_red_01,RED,-0.08882229164637054,-0.31524340068535006,0.23679484746245594,1,RED,CORRECT,VALID,0.835820895522388,FALSE,0.0004460218541329037,0.008394731862810811,2,0.01,PLACED_CONTROLLER_CONFIRMED,RED,,-0.2504187345534118,0.20809018552157044,0.011947020900890263,RED,RED:0,TRUE,TRUE,TRUE,0.002479474088308439,1,0,1510,289.96,0.00183217842,V03_RANDOM_MIXED__nominal__20261002,m9_random_mixed_three-0f3f43fd44,V03_RANDOM_MIXED,nominal
object_green_01,GREEN,0.10873562663665809,-0.27357607132297096,-0.002398058425571392,3,GREEN,CORRECT,VALID,0.798941798941799,FALSE,0.0013160950057934213,0.0022832161683439267,2,0.01,PLACED_CONTROLLER_CONFIRMED,GREEN,,-0.031963739399671225,0.29912695462308747,0.011947155744695862,GREEN,GREEN:0,TRUE,TRUE,TRUE,0.0008737980666518574,1,0,1123,153.76,0.00090901072,V03_RANDOM_MIXED__nominal__20261002,m9_random_mixed_three-0f3f43fd44,V03_RANDOM_MIXED,nominal
object_blue_01,BLUE,0.052496497262704694,-0.17527002032810146,-0.3580351620078384,2,BLUE,CORRECT,VALID,0.9032258064516129,FALSE,0.0002687789758226279,0.0007420471164545361,2,0.01,PLACED_CONTROLLER_CONFIRMED,BLUE,,0.18776692863257652,0.2077023948215275,0.01191027415496155,BLUE,BLUE:0,TRUE,TRUE,TRUE,0.0023093964186462826,1,0,1066,34.44,0.0017045977,V03_RANDOM_MIXED__nominal__20261002,m9_random_mixed_three-0f3f43fd44,V03_RANDOM_MIXED,nominal
object_green_01,GREEN,0.09216748167893349,-0.3390309197875923,0.28475345362341,3,GREEN,CORRECT,VALID,0.8541666666666666,FALSE,0.000592757459854052,0.006236370297751703,2,0.01,PLACED_CONTROLLER_CONFIRMED,GREEN,,-0.030377142125774772,0.2981375520245544,0.011947018950348765,GREEN,GREEN:0,TRUE,TRUE,TRUE,0.002470299605549143,1,0,1179,160.16,0.00189703377,V03_RANDOM_MIXED__nominal__20261021,m9_random_mixed_three-25e219d04b,V03_RANDOM_MIXED,nominal
object_blue_01,BLUE,-0.024713024690495536,-0.17566837394248827,0.1360387257171204,1,BLUE,CORRECT,VALID,0.9329608938547486,FALSE,0.0001818288016007735,0.00568379050038359,2,0.01,PLACED_CONTROLLER_CONFIRMED,BLUE,,0.1889854918030104,0.20788120381478992,0.011947014951200584,BLUE,BLUE:0,TRUE,TRUE,TRUE,0.0023367694298457183,1,0,1191,40.24,0.0022446551,V03_RANDOM_MIXED__nominal__20261021,m9_random_mixed_three-25e219d04b,V03_RANDOM_MIXED,nominal
object_red_01,RED,0.012103353564923064,-0.2709545988915757,-0.7569111803295242,2,RED,CORRECT,VALID,0.8309859154929577,FALSE,0.0006446596279746891,0.02829577732992483,2,0.01,PLACED_CONTROLLER_CONFIRMED,RED,,-0.24948476862681812,0.20930486371329998,0.011947027219418632,RED,RED:0,TRUE,TRUE,TRUE,0.002609521664544192,1,0,1518,291.04,0.00189760027,V03_RANDOM_MIXED__nominal__20261021,m9_random_mixed_three-25e219d04b,V03_RANDOM_MIXED,nominal
object_blue_01,BLUE,0.020500567832021116,-0.3023910227802218,-0.3725078862841137,1,BLUE,CORRECT,VALID,0.8366336633663366,FALSE,0.00040212918679878855,0.013765486272369731,2,0.01,PLACED_CONTROLLER_CONFIRMED,BLUE,,0.187927014670392,0.20761505531374475,0.011901197379498508,BLUE,BLUE:0,TRUE,TRUE,TRUE,0.002386061192600711,1,0,981,330.6,0.00165052793,V03_RANDOM_MIXED__nominal__20261028,m9_random_mixed_three-25fbc23703,V03_RANDOM_MIXED,nominal
object_red_01,RED,0.12379899221605109,-0.23935644072746803,-0.0011756648606597864,3,RED,CORRECT,VALID,0.8,FALSE,0.001053293069135859,0.0010626981655557088,2,0.01,PLACED_CONTROLLER_CONFIRMED,RED,,-0.25164821629044476,0.2114030079492897,0.01194702163106,RED,RED:0,TRUE,TRUE,TRUE,0.0014464380678337306,1,0,1404,174.2,0.00150114243,V03_RANDOM_MIXED__nominal__20261028,m9_random_mixed_three-25fbc23703,V03_RANDOM_MIXED,nominal
object_green_01,GREEN,0.05883534774870758,-0.17039389452138148,-0.5624149721489091,2,GREEN,CORRECT,VALID,0.8952879581151832,FALSE,0.00018278968507867672,0.003930254937458244,2,0.01,PLACED_CONTROLLER_CONFIRMED,GREEN,,-0.032551942168818224,0.29772642392798454,0.011947014950249973,GREEN,GREEN:0,TRUE,TRUE,TRUE,0.0023396128553589716,1,0,1318,34.04,0.0023880453,V03_RANDOM_MIXED__nominal__20261028,m9_random_mixed_three-25fbc23703,V03_RANDOM_MIXED,nominal
object_blue_01,BLUE,-0.10827807243936541,-0.2108778855868,-0.44204688494154093,1,BLUE,CORRECT,VALID,0.8978494623655914,FALSE,0.0005113045410207257,0.021536985788586982,2,0.01,PLACED_CONTROLLER_CONFIRMED,BLUE,,0.18769995830056874,0.20758362878216502,0.01194706999229474,BLUE,BLUE:0,TRUE,TRUE,TRUE,0.0024349281064907995,1,0,1194,332.68,0.00201546574,V03_RANDOM_MIXED__nominal__20261008,m9_random_mixed_three-29bbab2ff2,V03_RANDOM_MIXED,nominal
object_green_01,GREEN,0.12317825240017313,-0.29007522612027337,0.2747582365366239,3,GREEN,CORRECT,VALID,0.8783068783068783,FALSE,0.00044202305408710057,0.003347693949373731,2,0.01,PLACED_CONTROLLER_CONFIRMED,GREEN,,-0.03053431141293602,0.2980923981730365,0.011947021832841768,GREEN,GREEN:0,TRUE,TRUE,TRUE,0.002405657449531003,1,0,1119,31.68,0.00174333478,V03_RANDOM_MIXED__nominal__20261008,m9_random_mixed_three-29bbab2ff2,V03_RANDOM_MIXED,nominal
object_red_01,RED,-0.05444669219938565,-0.26117721404359645,-0.2978954037273238,2,RED,CORRECT,VALID,0.8842105263157894,FALSE,0.00041640651227355476,0.006457390412123232,2,0.01,PLACED_CONTROLLER_CONFIRMED,RED,,-0.24961748287734628,0.21024813257040284,0.011901598175858896,RED,RED:0,TRUE,TRUE,TRUE,0.002395403434128141,1,0,1595,164.64,0.00168602934,V03_RANDOM_MIXED__nominal__20261008,m9_random_mixed_three-29bbab2ff2,V03_RANDOM_MIXED,nominal
object_blue_01,BLUE,0.06808561158247123,-0.32681689847266415,-0.05846387813244314,3,BLUE,CORRECT,VALID,0.8527918781725888,FALSE,0.0011257022000043086,0.05834200252713195,2,0.01,PLACED_CONTROLLER_CONFIRMED,BLUE,,0.1887376607921108,0.20924668641131602,0.011947015047442468,BLUE,BLUE:0,TRUE,TRUE,TRUE,0.0010543361926413433,1,0,989,169.48,0.00249257563,v14_repeat_seed_20261001,m9_random_mixed_three-302ee6330e,v14_repeat_seed_20261001,fixed
object_green_01,GREEN,0.0076155752357901785,-0.21088413485118226,0.6160587270008069,2,GREEN,CORRECT,VALID,0.8911917098445595,FALSE,0.00029299480716098386,0.004414808852169827,2,0.01,PLACED_CONTROLLER_CONFIRMED,GREEN,,-0.029907670496011767,0.29873454665502963,0.011947021815386307,GREEN,GREEN:0,TRUE,TRUE,TRUE,0.002445243325633732,1,0,1348,36.32,0.00212958104,v14_repeat_seed_20261001,m9_random_mixed_three-302ee6330e,v14_repeat_seed_20261001,fixed
object_red_01,RED,-0.06877731333673537,-0.27550580917960016,-0.5713129640363086,1,RED,CORRECT,VALID,0.8514851485148515,FALSE,0.0004891803997199186,0.01656661821115346,2,0.01,PLACED_CONTROLLER_CONFIRMED,RED,,-0.2493962544834058,0.20975144559914802,0.011902077322477876,RED,RED:0,TRUE,TRUE,TRUE,0.002615582154199576,1,0,1572,290.24,0.00206824811,v14_repeat_seed_20261001,m9_random_mixed_three-302ee6330e,v14_repeat_seed_20261001,fixed
object_green_01,GREEN,0.09932111629238363,-0.175173130181047,0.18579241840892857,3,GREEN,CORRECT,VALID,0.9222222222222223,FALSE,0.00028737145982134113,0.011429174651837126,2,0.01,PLACED_CONTROLLER_CONFIRMED,GREEN,,-0.030544085014872376,0.298010574888562,0.0119017287124559,GREEN,GREEN:0,TRUE,TRUE,TRUE,0.002465258752735568,1,0,1240,30.84,0.00129675498,V03_RANDOM_MIXED__nominal__20261013,m9_random_mixed_three-40d5723d1b,V03_RANDOM_MIXED,nominal
object_red_01,RED,0.02890704469211261,-0.3058071176362842,-0.13355611567593229,2,RED,CORRECT,VALID,0.8571428571428571,FALSE,0.00038717746197940595,0.008407052310665186,2,0.01,PLACED_CONTROLLER_CONFIRMED,RED,,-0.24967508352005424,0.21052367918224338,0.011947014952425299,RED,RED:0,TRUE,TRUE,TRUE,0.002383165232340906,1,0,1439,165.48,0.00163724687,V03_RANDOM_MIXED__nominal__20261013,m9_random_mixed_three-40d5723d1b,V03_RANDOM_MIXED,nominal
object_blue_01,BLUE,-0.045083770049314936,-0.2547993066634963,0.14817074542266007,1,BLUE,CORRECT,VALID,0.8835978835978836,FALSE,0.0003671231320888038,0.01679352914140153,2,0.01,PLACED_CONTROLLER_CONFIRMED,BLUE,,0.18905829393990914,0.20789188267555514,0.0119470154219421,BLUE,BLUE:0,TRUE,TRUE,TRUE,0.002358843936523341,1,0,1077,324.64,0.00246056059,V03_RANDOM_MIXED__nominal__20261013,m9_random_mixed_three-40d5723d1b,V03_RANDOM_MIXED,nominal
object_red_01,RED,0.09347472962111567,-0.304437641740123,-0.6038463217551531,3,RED,CORRECT,VALID,0.8086124401913876,FALSE,0.00033924728082538474,0.01625839248083416,2,0.01,PLACED_CONTROLLER_CONFIRMED,RED,,-0.24946075609778673,0.20970017142133923,0.011947032608051201,RED,RED:0,TRUE,TRUE,TRUE,0.0025568841920409736,1,0,1367,297.12,0.00239820212,V03_RANDOM_MIXED__nominal__20261018,m9_random_mixed_three-44f41e3c8f,V03_RANDOM_MIXED,nominal
object_blue_01,BLUE,0.0006093837284063264,-0.24180693674090412,-0.6974117675277846,1,BLUE,CORRECT,VALID,0.8564356435643564,FALSE,0.00029215648212565154,0.002834864342212473,2,0.01,PLACED_CONTROLLER_CONFIRMED,BLUE,,0.1870325715534195,0.20788876740901693,0.011947023863727613,BLUE,BLUE:0,TRUE,TRUE,TRUE,0.0023223309093413397,1,0,1053,175.84,0.00180524781,V03_RANDOM_MIXED__nominal__20261018,m9_random_mixed_three-44f41e3c8f,V03_RANDOM_MIXED,nominal
object_green_01,GREEN,0.07360823900034794,-0.1838389789966158,-0.43855751557749084,2,GREEN,CORRECT,VALID,0.8947368421052632,FALSE,0.00037420451788901677,0.0250156263165775,2,0.01,PLACED_CONTROLLER_CONFIRMED,GREEN,,-0.03279558812379732,0.297905170775289,0.01190215667176442,GREEN,GREEN:0,TRUE,TRUE,TRUE,0.002240819034065579,1,0,1274,33.0,0.00170619602,V03_RANDOM_MIXED__nominal__20261018,m9_random_mixed_three-44f41e3c8f,V03_RANDOM_MIXED,nominal
object_blue_01,BLUE,0.06808561158247123,-0.32681689847266415,-0.05846387813244314,3,BLUE,CORRECT,VALID,0.8527918781725888,FALSE,0.0011257022000043086,0.05834200252713195,2,0.01,PLACED_CONTROLLER_CONFIRMED,BLUE,,0.1887376607921108,0.20924668641131602,0.011947015047442468,BLUE,BLUE:0,TRUE,TRUE,TRUE,0.0010543361926413433,1,0,989,169.48,0.00249257563,V03_RANDOM_MIXED__nominal__20261001,m9_random_mixed_three-51b8db9422,V03_RANDOM_MIXED,nominal
object_green_01,GREEN,0.0076155752357901785,-0.21088413485118226,0.6160587270008069,2,GREEN,CORRECT,VALID,0.8911917098445595,FALSE,0.00029299480716098386,0.004414808852169827,2,0.01,PLACED_CONTROLLER_CONFIRMED,GREEN,,-0.029907670496011767,0.29873454665502963,0.011947021815386307,GREEN,GREEN:0,TRUE,TRUE,TRUE,0.002445243325633732,1,0,1348,36.32,0.00212958104,V03_RANDOM_MIXED__nominal__20261001,m9_random_mixed_three-51b8db9422,V03_RANDOM_MIXED,nominal
object_red_01,RED,-0.06877731333673537,-0.27550580917960016,-0.5713129640363086,1,RED,CORRECT,VALID,0.8514851485148515,FALSE,0.0004891803997199186,0.01656661821115346,2,0.01,PLACED_CONTROLLER_CONFIRMED,RED,,-0.2493962544834058,0.20975144559914802,0.011902077322477876,RED,RED:0,TRUE,TRUE,TRUE,0.002615582154199576,1,0,1572,290.24,0.00206824811,V03_RANDOM_MIXED__nominal__20261001,m9_random_mixed_three-51b8db9422,V03_RANDOM_MIXED,nominal
object_green_01,GREEN,0.10929803773491018,-0.2482119191297909,0.3279640268009647,3,GREEN,CORRECT,VALID,0.8877005347593583,FALSE,0.000337425665737215,0.00598827508176214,2,0.01,SKIPPED_UNREACHABLE,GREEN,COLLISION_GRASP,0.10929803773491018,-0.2482119191297909,0.007947014951059057,,,TRUE,TRUE,FALSE,0.46492167264710477,1,0,0,,,V03_RANDOM_MIXED__nominal__20261006,m9_random_mixed_three-561354ca16,V03_RANDOM_MIXED,nominal
object_blue_01,BLUE,0.07413579962006248,-0.29855878602503994,0.5645962014672175,2,BLUE,CORRECT,VALID,0.864321608040201,FALSE,0.00036860310707118125,0.023941868037336445,2,0.01,SKIPPED_UNREACHABLE,BLUE,COLLISION_GRASP,0.07413579962006248,-0.29855878602503994,0.007947014951055592,,,TRUE,TRUE,FALSE,0.5211497817052454,1,0,0,,,V03_RANDOM_MIXED__nominal__20261006,m9_random_mixed_three-561354ca16,V03_RANDOM_MIXED,nominal
object_red_01,RED,-0.0013621379039727988,-0.21832689244927006,0.19692710704818273,1,RED,CORRECT,VALID,0.9234972677595629,FALSE,0.00023232242186500428,0.0002817306186010393,2,0.01,PLACED_CONTROLLER_CONFIRMED,RED,,-0.25052829480533356,0.20801297154993642,0.011947014951135976,RED,RED:0,TRUE,TRUE,TRUE,0.002472690486367071,1,0,1620,37.68,0.00274636807,V03_RANDOM_MIXED__nominal__20261006,m9_random_mixed_three-561354ca16,V03_RANDOM_MIXED,nominal
object_green_01,GREEN,0.09271734587257946,-0.3321701264416821,-0.4730423882051416,3,GREEN,CORRECT,VALID,0.7924528301886793,FALSE,0.0003724814878323103,0.009335016651038863,2,0.01,PLACED_CONTROLLER_CONFIRMED,GREEN,,-0.03248104901883055,0.29773028055144757,0.011947043657290459,GREEN,GREEN:0,TRUE,TRUE,TRUE,0.002320136748912646,1,0,1174,185.32,0.00238355185,V03_RANDOM_MIXED__nominal__20261022,m9_random_mixed_three-6ae35a29c8,V03_RANDOM_MIXED,nominal
object_red_01,RED,0.04709430429625669,-0.23556982663647924,-0.5785713430129482,2,RED,CORRECT,VALID,0.8542713567839196,FALSE,0.00043283710937483475,0.009305139792985528,2,0.01,PLACED_CONTROLLER_CONFIRMED,RED,,-0.2495362936273959,0.20960445541176753,0.011947024595948819,RED,RED:0,TRUE,TRUE,TRUE,0.0024952564220316158,1,0,1523,34.4,0.002287508,V03_RANDOM_MIXED__nominal__20261022,m9_random_mixed_three-6ae35a29c8,V03_RANDOM_MIXED,nominal
object_blue_01,BLUE,-0.13023344921335894,-0.19075908260408045,-0.300753748372581,1,BLUE,CORRECT,VALID,0.8941798941798942,FALSE,0.00021205411953100845,0.02099169099920939,2,0.01,PLACED_CONTROLLER_CONFIRMED,BLUE,,0.18785251315270754,0.20769240186394067,0.011901726348413409,BLUE,BLUE:0,TRUE,TRUE,TRUE,0.002312306538430564,1,0,1267,332.56,0.00125937378,V03_RANDOM_MIXED__nominal__20261022,m9_random_mixed_three-6ae35a29c8,V03_RANDOM_MIXED,nominal
object_green_01,GREEN,0.08845616697395806,-0.31568858077491957,0.5092835861407199,3,GREEN,CORRECT,VALID,0.855,FALSE,0.0003865247829760341,0.009647282165712312,2,0.01,PLACED_CONTROLLER_CONFIRMED,GREEN,,-0.030013614255510364,0.29854333521475035,0.011947166596214177,GREEN,GREEN:0,TRUE,TRUE,TRUE,0.002463250012178631,1,0,1165,194.84,0.0018243152,V03_RANDOM_MIXED__nominal__20261009,m9_random_mixed_three-72bece348a,V03_RANDOM_MIXED,nominal
object_blue_01,BLUE,-0.10902066385373653,-0.22000198067674537,0.45805148200208534,1,BLUE,CORRECT,VALID,0.875,FALSE,0.0005140501494357613,0.0053664811834972515,2,0.01,PLACED_CONTROLLER_CONFIRMED,BLUE,,0.1861310923485625,0.20871524105246406,0.011947048573663825,BLUE,BLUE:0,TRUE,TRUE,TRUE,0.00226791123346467,1,0,1202,336.2,0.00186239525,V03_RANDOM_MIXED__nominal__20261009,m9_random_mixed_three-72bece348a,V03_RANDOM_MIXED,nominal
object_red_01,RED,0.043788840919644495,-0.19873052105046096,0.056512402061919986,2,RED,CORRECT,VALID,0.9162011173184358,FALSE,0.0006136833382332693,0.0563674872772163,2,0.01,PLACED_CONTROLLER_CONFIRMED,RED,,-0.25148574304305776,0.21053145261524994,0.011947059828081072,RED,RED:0,TRUE,TRUE,TRUE,0.0007395282956178908,1,0,1599,35.2,0.00239272103,V03_RANDOM_MIXED__nominal__20261009,m9_random_mixed_three-72bece348a,V03_RANDOM_MIXED,nominal
object_red_01,RED,-0.09604955173433995,-0.23895433104266595,0.3259549726310733,1,RED,CORRECT,VALID,0.8622448979591837,FALSE,0.00042079673180202103,0.004425063654790673,2,0.01,PLACED_CONTROLLER_CONFIRMED,RED,,-0.25032995742977343,0.2082432909443722,0.011947191037898805,RED,RED:0,TRUE,TRUE,TRUE,0.0024238541401028443,1,0,1656,296.8,0.00151449078,V03_RANDOM_MIXED__nominal__20261016,m9_random_mixed_three-75a4dde491,V03_RANDOM_MIXED,nominal
object_green_01,GREEN,0.04295189613434547,-0.26634180258444073,0.7124425891587836,3,GREEN,CORRECT,VALID,0.8431372549019608,FALSE,0.00035672254651867446,0.003607551612081261,2,0.01,PLACED_CONTROLLER_CONFIRMED,GREEN,,-0.02984132778067354,0.29890064908428227,0.011947019780909772,GREEN,GREEN:0,TRUE,TRUE,TRUE,0.0024224859517407364,1,0,1278,34.04,0.00173077772,V03_RANDOM_MIXED__nominal__20261016,m9_random_mixed_three-75a4dde491,V03_RANDOM_MIXED,nominal
object_blue_01,BLUE,-0.053327720490544045,-0.3092973290686783,0.04141218235701383,2,BLUE,CORRECT,VALID,0.875,FALSE,0.0005294106489158974,0.04154550205412155,2,0.01,PLACED_CONTROLLER_CONFIRMED,BLUE,,0.18798092579552778,0.20927074474240118,0.011947018546563961,BLUE,BLUE:0,TRUE,TRUE,TRUE,0.0007295046648320782,1,0,1072,170.36,0.00243818784,V03_RANDOM_MIXED__nominal__20261016,m9_random_mixed_three-75a4dde491,V03_RANDOM_MIXED,nominal
object_red_01,RED,0.05960695678707292,-0.3091784174344934,0.46604911718198627,2,RED,CORRECT,VALID,0.8564356435643564,FALSE,0.0005711490042701788,0.0021650893856501874,2,0.01,PLACED_CONTROLLER_CONFIRMED,RED,,-0.24961357360970415,0.20869141195514643,0.011947044595649815,RED,RED:0,TRUE,TRUE,TRUE,0.0027216600793328596,1,0,1402,162.84,0.0020552237,V03_RANDOM_MIXED__nominal__20261014,m9_random_mixed_three-88a0983a19,V03_RANDOM_MIXED,nominal
object_blue_01,BLUE,-0.037223193170847116,-0.24522352243572076,-0.10035019034574055,1,BLUE,CORRECT,VALID,0.8858695652173914,FALSE,0.0003270815567663908,0.000586721445741567,2,0.01,PLACED_CONTROLLER_CONFIRMED,BLUE,,0.18844744845874023,0.20770730035840076,0.011947014950155583,BLUE,BLUE:0,TRUE,TRUE,TRUE,0.002335954145487071,1,0,1133,312.48,0.00228671684,V03_RANDOM_MIXED__nominal__20261014,m9_random_mixed_three-88a0983a19,V03_RANDOM_MIXED,nominal
object_green_01,GREEN,0.07026460228247158,-0.19406224334502759,0.6819666431557097,3,GREEN,CORRECT,VALID,0.8974358974358975,FALSE,0.00015781600041714589,0.012984803692750457,2,0.01,PLACED_CONTROLLER_CONFIRMED,GREEN,,-0.029840967889202638,0.2988401276537638,0.01194702707915228,GREEN,GREEN:0,TRUE,TRUE,TRUE,0.002450861790272477,1,0,1279,32.08,0.0017439182,V03_RANDOM_MIXED__nominal__20261014,m9_random_mixed_three-88a0983a19,V03_RANDOM_MIXED,nominal
object_red_01,RED,-0.058471299536760044,-0.28706801585278974,-0.3342823105237233,3,RED,CORRECT,VALID,0.865979381443299,FALSE,0.00024282010428735678,0.012534455179632253,2,0.01,SKIPPED_UNREACHABLE,RED,COLLISION_GRASP,-0.058471299536760044,-0.28706801585278974,0.007947014951160007,,,TRUE,TRUE,FALSE,0.5136674961758092,1,0,0,,,V03_RANDOM_MIXED__nominal__20261005,m9_random_mixed_three-8e0c9b81d9,V03_RANDOM_MIXED,nominal
object_green_01,GREEN,-0.09052257702608224,-0.240280960194876,-0.3385949906646418,2,GREEN,CORRECT,VALID,0.8829787234042553,FALSE,0.0001479414079388182,0.016843590828373944,2,0.01,SKIPPED_UNREACHABLE,GREEN,COLLISION_GRASP,-0.09052257702608224,-0.240280960194876,0.00794701495115519,,,TRUE,TRUE,FALSE,0.46071117970335335,1,0,0,,,V03_RANDOM_MIXED__nominal__20261005,m9_random_mixed_three-8e0c9b81d9,V03_RANDOM_MIXED,nominal
object_blue_01,BLUE,-0.12525436085483138,-0.32066252702135345,0.6025711519498713,1,BLUE,CORRECT,VALID,0.8221153846153846,FALSE,0.000326584065210209,0.014341821571748126,2,0.01,PLACED_CONTROLLER_CONFIRMED,BLUE,,0.1863886495621866,0.20832214246665,0.011947016002241594,BLUE,BLUE:0,TRUE,TRUE,TRUE,0.0023262966568476907,1,0,1117,42.68,0.00267514664,V03_RANDOM_MIXED__nominal__20261005,m9_random_mixed_three-8e0c9b81d9,V03_RANDOM_MIXED,nominal
object_blue_01,BLUE,0.05381381330438692,-0.20235919564832205,0.16472104752591232,3,BLUE,CORRECT,VALID,0.9171270718232044,FALSE,0.00023614611636687004,0.0006226702067894108,2,0.01,SKIPPED_UNREACHABLE,BLUE,COLLISION_GRASP,0.05381381330438692,-0.20235919564832205,0.007947014951136942,,,TRUE,TRUE,FALSE,0.43364275496731297,1,0,0,,,V03_RANDOM_MIXED__nominal__20261011,m9_random_mixed_three-8eebaad763,V03_RANDOM_MIXED,nominal
object_green_01,GREEN,-0.057919480738263654,-0.3337190803052269,0.7049399471967288,1,GREEN,CORRECT,VALID,0.8009259259259259,FALSE,0.00043825639193513684,0.0038962824428689924,2,0.01,PLACED_CONTROLLER_CONFIRMED,GREEN,,-0.029728259781075992,0.2989943861858523,0.011947020487588564,GREEN,GREEN:0,TRUE,TRUE,TRUE,0.0024843636540332835,1,0,1289,38.2,0.00177475373,V03_RANDOM_MIXED__nominal__20261011,m9_random_mixed_three-8eebaad763,V03_RANDOM_MIXED,nominal
object_red_01,RED,-0.0021348884492174147,-0.2507728061562978,-0.24302599941538927,2,RED,CORRECT,VALID,0.8958333333333334,FALSE,0.0001769456616101416,0.0019150414581381447,2,0.01,SKIPPED_UNREACHABLE,RED,COLLISION_GRASP,-0.0021348884492174147,-0.2507728061562978,0.007947014951175762,,,TRUE,TRUE,FALSE,0.49684748020386904,1,0,0,,,V03_RANDOM_MIXED__nominal__20261011,m9_random_mixed_three-8eebaad763,V03_RANDOM_MIXED,nominal
object_red_01,RED,0.02325073108239603,-0.20885662372774427,-0.2536396613096139,2,RED,CORRECT,VALID,0.9037433155080213,FALSE,0.0002455150033745479,0.008634828565015518,2,0.01,SKIPPED_UNREACHABLE,RED,COLLISION_GRASP,0.02325073108239603,-0.20885662372774427,0.007947014951198648,,,TRUE,TRUE,FALSE,0.4500924270074871,1,0,0,,,V03_RANDOM_MIXED__nominal__20261024,m9_random_mixed_three-91207a7feb,V03_RANDOM_MIXED,nominal
object_green_01,GREEN,-0.05023894508145148,-0.3375822254207466,0.019266734703257682,1,GREEN,CORRECT,VALID,0.8549222797927462,FALSE,0.0004151586203647707,0.019129449313085245,2,0.01,PLACED_CONTROLLER_CONFIRMED,GREEN,,-0.03143787977312863,0.2994441716291593,0.01194707068277858,GREEN,GREEN:0,TRUE,TRUE,TRUE,0.0007905215539688428,1,0,1287,39.2,0.00256894321,V03_RANDOM_MIXED__nominal__20261024,m9_random_mixed_three-91207a7feb,V03_RANDOM_MIXED,nominal
object_blue_01,BLUE,0.0634789441186496,-0.23932583649593314,0.675288364846973,3,BLUE,CORRECT,VALID,0.8787878787878788,FALSE,0.00020831145003458434,0.00033046162339078755,2,0.01,SKIPPED_UNREACHABLE,BLUE,COLLISION_GRASP,0.0634789441186496,-0.23932583649593314,0.007947014951198421,,,TRUE,TRUE,FALSE,0.4662608719382063,1,0,0,,,V03_RANDOM_MIXED__nominal__20261024,m9_random_mixed_three-91207a7feb,V03_RANDOM_MIXED,nominal
object_blue_01,BLUE,0.08590371883462844,-0.21256512078494721,-0.16724435735577847,3,BLUE,CORRECT,VALID,0.8894736842105263,FALSE,0.0002524302491372221,0.002044080184915753,2,0.01,PLACED_CONTROLLER_CONFIRMED,BLUE,,0.1883330577508471,0.2076768726719143,0.011947014961276274,BLUE,BLUE:0,TRUE,TRUE,TRUE,0.0023468804928879444,1,0,986,33.04,0.00176685075,V03_RANDOM_MIXED__nominal__20261004,m9_random_mixed_three-996d3b5a21,V03_RANDOM_MIXED,nominal
object_red_01,RED,-0.08525273717799899,-0.2036678799308437,-0.5863035506799078,1,RED,CORRECT,VALID,0.8854166666666666,FALSE,0.00032841496153628144,0.0015827072877687698,2,0.01,PLACED_CONTROLLER_CONFIRMED,RED,,-0.24970087821505738,0.2094159859967776,0.011947014951818904,RED,RED:0,TRUE,TRUE,TRUE,0.002372136871674484,1,0,1713,305.76,0.0022128399,V03_RANDOM_MIXED__nominal__20261004,m9_random_mixed_three-996d3b5a21,V03_RANDOM_MIXED,nominal
object_green_01,GREEN,-0.02807324567512301,-0.24578684402472806,-0.5578586011614484,2,GREEN,CORRECT,VALID,0.855,FALSE,0.00043829576313006235,0.03001978899311819,2,0.01,PLACED_CONTROLLER_CONFIRMED,GREEN,,-0.03299112229210589,0.29798266940016327,0.011902052149038438,GREEN,GREEN:0,TRUE,TRUE,TRUE,0.0022476534757268117,1,0,1337,154.16,0.00186915647,V03_RANDOM_MIXED__nominal__20261004,m9_random_mixed_three-996d3b5a21,V03_RANDOM_MIXED,nominal
object_blue_01,BLUE,-0.001977687594213906,-0.2645684915864783,0.359188478755907,3,BLUE,CORRECT,VALID,0.8848167539267016,FALSE,0.0003636199193851535,0.0006334598540820302,2,0.01,PLACED_CONTROLLER_CONFIRMED,BLUE,,0.18600087615817668,0.208970841914989,0.01191232108648352,BLUE,BLUE:0,TRUE,TRUE,TRUE,0.002248480041914973,1,0,1019,38.4,0.00174618083,V03_RANDOM_MIXED__nominal__20261027,m9_random_mixed_three-a397662024,V03_RANDOM_MIXED,nominal
object_green_01,GREEN,-0.08104639760551777,-0.3068593023246516,0.698793062922249,2,GREEN,CORRECT,VALID,0.8246445497630331,FALSE,0.0003764722961336204,0.009625067952384825,2,0.01,PLACED_CONTROLLER_CONFIRMED,GREEN,,-0.029727966477488495,0.2989683715642325,0.011947023946110916,GREEN,GREEN:0,TRUE,TRUE,TRUE,0.0024952742448276317,1,0,1302,336.32,0.0018223191,V03_RANDOM_MIXED__nominal__20261027,m9_random_mixed_three-a397662024,V03_RANDOM_MIXED,nominal
object_red_01,RED,-0.0909127259621457,-0.19390987895762515,0.507132150670093,1,RED,CORRECT,VALID,0.8952879581151832,FALSE,0.0002109149039633717,0.043250940185316056,2,0.01,PLACED_CONTROLLER_CONFIRMED,RED,,-0.25039866837984115,0.20831711342550355,0.0119472614478942,RED,RED:0,TRUE,TRUE,TRUE,0.002323008863595004,1,0,1742,173.68,0.00165341926,V03_RANDOM_MIXED__nominal__20261027,m9_random_mixed_three-a397662024,V03_RANDOM_MIXED,nominal
object_green_01,GREEN,-0.1110171327716693,-0.23017553528185178,0.5731272264997096,1,GREEN,CORRECT,VALID,0.868020304568528,FALSE,0.0003589871570954151,0.015100673366938988,2,0.01,SKIPPED_UNREACHABLE,GREEN,COLLISION_GRASP,-0.1110171327716693,-0.23017553528185178,0.00794701495117188,,,TRUE,TRUE,FALSE,0.446856647827197,1,0,0,,,V03_RANDOM_MIXED__nominal__20261007,m9_random_mixed_three-a50036987f,V03_RANDOM_MIXED,nominal
object_red_01,RED,-0.07114879606850284,-0.19060868556387256,-0.6261582398236604,2,RED,CORRECT,VALID,0.8911917098445595,FALSE,0.00025305092524327186,0.005785050374349954,2,0.01,SKIPPED_UNREACHABLE,RED,COLLISION_GRASP,-0.07114879606850284,-0.19060868556387256,0.007947014951171043,,,TRUE,TRUE,FALSE,0.41730267529630577,1,0,0,,,V03_RANDOM_MIXED__nominal__20261007,m9_random_mixed_three-a50036987f,V03_RANDOM_MIXED,nominal
object_blue_01,BLUE,0.05338306167065346,-0.23831406417675138,-0.5837784016432297,3,BLUE,CORRECT,VALID,0.85,FALSE,0.00047146720212649056,0.004095935395492134,2,0.01,PLACED_CONTROLLER_CONFIRMED,BLUE,,0.18710762436762896,0.2078407312061857,0.011902090006783076,BLUE,BLUE:0,TRUE,TRUE,TRUE,0.0023364023611505396,1,0,1005,34.8,0.000962948414,V03_RANDOM_MIXED__nominal__20261007,m9_random_mixed_three-a50036987f,V03_RANDOM_MIXED,nominal
object_red_01,RED,-0.039249839223270216,-0.220499220968706,-0.22513035619044708,3,RED,CORRECT,VALID,0.907103825136612,FALSE,0.00020390114478222677,0.027684323823966572,2,0.01,SKIPPED_UNREACHABLE,RED,COLLISION_GRASP,-0.039249839223270216,-0.220499220968706,0.007947014951186646,,,TRUE,TRUE,FALSE,0.4554735882416956,1,0,0,,,V03_RANDOM_MIXED__nominal__20261010,m9_random_mixed_three-aa17316b63,V03_RANDOM_MIXED,nominal
object_blue_01,BLUE,-0.06363485650495167,-0.26794491888946875,-0.5126670227271792,2,BLUE,CORRECT,VALID,0.8629441624365483,FALSE,0.0003701977303291825,0.0054849769482232524,2,0.01,SKIPPED_UNREACHABLE,BLUE,COLLISION_GRASP,-0.06363485650495167,-0.26794491888946875,0.00794701495118486,,,TRUE,TRUE,FALSE,0.493860338971257,1,0,0,,,V03_RANDOM_MIXED__nominal__20261010,m9_random_mixed_three-aa17316b63,V03_RANDOM_MIXED,nominal
object_green_01,GREEN,-0.11994877564669104,-0.18965393873197067,0.19947068182466643,1,GREEN,CORRECT,VALID,0.8936170212765957,FALSE,0.00040039692163144436,0.002275672435470555,2,0.01,PLACED_CONTROLLER_CONFIRMED,GREEN,,-0.03061063866112633,0.29799660433271763,0.011947019717109104,GREEN,GREEN:0,TRUE,TRUE,TRUE,0.002438015407999418,1,0,1491,45.44,0.000940355899,V03_RANDOM_MIXED__nominal__20261010,m9_random_mixed_three-aa17316b63,V03_RANDOM_MIXED,nominal
object_red_01,RED,-0.12362090215260399,-0.1732395918004377,0.18890725979134315,1,RED,CORRECT,VALID,0.8983957219251337,FALSE,0.00019068774936461866,0.008692584345167176,2,0.01,PLACED_CONTROLLER_CONFIRMED,RED,,-0.2505620958301085,0.208015162186712,0.01190170163555996,RED,RED:0,TRUE,TRUE,TRUE,0.0024509487034308007,1,0,1792,172.88,0.00156645148,V03_RANDOM_MIXED__nominal__20261003,m9_random_mixed_three-ad131a6f52,V03_RANDOM_MIXED,nominal
object_green_01,GREEN,-0.04222433001148625,-0.31490019703514494,0.025291282344436006,2,GREEN,CORRECT,VALID,0.8736842105263158,FALSE,6.366877205526869e-05,0.025152228360705742,2,0.01,PLACED_CONTROLLER_CONFIRMED,GREEN,,-0.03125249615997396,0.2994558699479736,0.011947016372230548,GREEN,GREEN:0,TRUE,TRUE,TRUE,0.0009245753102759893,1,0,1281,340.0,0.00246362719,V03_RANDOM_MIXED__nominal__20261003,m9_random_mixed_three-ad131a6f52,V03_RANDOM_MIXED,nominal
object_blue_01,BLUE,-0.0005794582994858299,-0.24552573168689965,-0.7054826818797473,3,BLUE,CORRECT,VALID,0.8578431372549019,FALSE,0.00025636211454562206,0.010593851694810752,2,0.01,PLACED_CONTROLLER_CONFIRMED,BLUE,,0.18708974857484087,0.2078455713691448,0.011947034108596714,BLUE,BLUE:0,TRUE,TRUE,TRUE,0.0023388288484736943,1,0,1073,37.44,0.00186897224,V03_RANDOM_MIXED__nominal__20261003,m9_random_mixed_three-ad131a6f52,V03_RANDOM_MIXED,nominal
object_red_01,RED,0.10855777647604159,-0.3048842474808706,0.03953872963995586,3,RED,CORRECT,VALID,0.8527918781725888,FALSE,0.0008964468011104099,0.03939798718038645,2,0.01,PLACED_CONTROLLER_CONFIRMED,RED,,-0.25123988521782004,0.2105352068521016,0.011947015082329348,RED,RED:0,TRUE,TRUE,TRUE,0.0009296347974473602,1,0,1382,179.16,0.00247165438,V03_RANDOM_MIXED__nominal__20261015,m9_random_mixed_three-b06c728201,V03_RANDOM_MIXED,nominal
object_green_01,GREEN,-0.004983227903067405,-0.19176732668350152,-0.12169531114393284,2,GREEN,CORRECT,VALID,0.9157303370786517,FALSE,0.00025094850388373516,0.0025651367754360166,2,0.01,PLACED_CONTROLLER_CONFIRMED,GREEN,,-0.031319833831969096,0.2976608379835683,0.011947014950005006,GREEN,GREEN:0,TRUE,TRUE,TRUE,0.0024360428886311992,1,0,1396,39.08,0.00194934125,V03_RANDOM_MIXED__nominal__20261015,m9_random_mixed_three-b06c728201,V03_RANDOM_MIXED,nominal
object_blue_01,BLUE,-0.12044057703146309,-0.22997262181843947,-0.16376432130201202,1,BLUE,CORRECT,VALID,0.8697916666666666,FALSE,0.0004366535551554646,0.0014575327502592827,2,0.01,PLACED_CONTROLLER_CONFIRMED,BLUE,,0.18832586461978934,0.2076780346446384,0.011947015041450543,BLUE,BLUE:0,TRUE,TRUE,TRUE,0.0023447197832427422,1,0,1169,342.36,0.0014645251,V03_RANDOM_MIXED__nominal__20261015,m9_random_mixed_three-b06c728201,V03_RANDOM_MIXED,nominal
object_green_01,GREEN,-0.1306272361843552,-0.3331489989737879,-0.43577075590648584,1,GREEN,CORRECT,VALID,0.8375634517766497,FALSE,0.0010666879977149304,0.027942413191414772,2,0.01,PLACED_CONTROLLER_CONFIRMED,GREEN,,-0.03306490402740637,0.297895940615612,0.011947056785125577,GREEN,GREEN:0,TRUE,TRUE,TRUE,0.0023581955984645474,1,0,1352,321.6,0.00249719722,V03_RANDOM_MIXED__nominal__20261012,m9_random_mixed_three-b13a57536b,V03_RANDOM_MIXED,nominal
object_blue_01,BLUE,0.0830159095768131,-0.2443396639546663,-0.7065042182348827,3,BLUE,CORRECT,VALID,0.8472906403940886,FALSE,0.0003506962532691508,0.0019514953524688572,2,0.01,PLACED_CONTROLLER_CONFIRMED,BLUE,,0.18682571706235074,0.208061020449946,0.011947020965356617,BLUE,BLUE:0,TRUE,TRUE,TRUE,0.002266844086650364,1,0,938,33.4,0.0021947111,V03_RANDOM_MIXED__nominal__20261012,m9_random_mixed_three-b13a57536b,V03_RANDOM_MIXED,nominal
object_red_01,RED,-0.024462796970679865,-0.19739050967112287,-0.6776043795824785,2,RED,CORRECT,VALID,0.882051282051282,FALSE,0.0002816767290598205,0.003016013231623038,2,0.01,PLACED_CONTROLLER_CONFIRMED,RED,,-0.24965062444187644,0.20935443480278237,0.011947019797340398,RED,RED:0,TRUE,TRUE,TRUE,0.0024364564303444914,1,0,1674,156.72,0.00209770885,V03_RANDOM_MIXED__nominal__20261012,m9_random_mixed_three-b13a57536b,V03_RANDOM_MIXED,nominal
object_red_01,RED,0.008817705273762466,-0.2999429950993525,0.7543017294277532,2,RED,CORRECT,VALID,0.8215962441314554,FALSE,0.0008451798144281988,0.030917137235770387,2,0.01,PLACED_CONTROLLER_CONFIRMED,RED,,-0.24949451898148065,0.20931403255827497,0.011901577106222387,RED,RED:0,TRUE,TRUE,TRUE,0.002597688677510754,1,0,1471,300.48,0.00128449895,V03_RANDOM_MIXED__nominal__20261029,m9_random_mixed_three-cd51a21685,V03_RANDOM_MIXED,nominal
object_blue_01,BLUE,-0.08355089194408044,-0.2163212662678639,-0.648724892249352,1,BLUE,CORRECT,VALID,0.8730964467005076,FALSE,0.00027224103642519587,0.0050916021161482306,2,0.01,PLACED_CONTROLLER_CONFIRMED,BLUE,,0.18715160709881534,0.20782387554424733,0.011947026539883963,BLUE,BLUE:0,TRUE,TRUE,TRUE,0.0023356558311757596,1,0,1164,171.8,0.0021638259,V03_RANDOM_MIXED__nominal__20261029,m9_random_mixed_three-cd51a21685,V03_RANDOM_MIXED,nominal
object_green_01,GREEN,0.12326841416535392,-0.25724582132998003,-0.11921932818083236,3,GREEN,CORRECT,VALID,0.8520408163265306,FALSE,0.00036219334887647943,0.005202788894815402,2,0.01,PLACED_CONTROLLER_CONFIRMED,GREEN,,-0.031627345484439864,0.29770056898986474,0.011947014950005675,GREEN,GREEN:0,TRUE,TRUE,TRUE,0.002329432196553261,1,0,1132,31.76,0.00126644159,V03_RANDOM_MIXED__nominal__20261029,m9_random_mixed_three-cd51a21685,V03_RANDOM_MIXED,nominal
object_blue_01,BLUE,0.07683301826888905,-0.2334110038281793,-0.252433029957989,2,BLUE,CORRECT,VALID,0.8724489795918368,FALSE,0.0003097095801712563,0.007436796175492866,2,0.01,PLACED_CONTROLLER_CONFIRMED,BLUE,,0.18809612632634923,0.2076704257708882,0.011947025935119012,BLUE,BLUE:0,TRUE,TRUE,TRUE,0.0023315566387199713,1,0,985,33.84,0.00106449379,V03_RANDOM_MIXED__nominal__20261030,m9_random_mixed_three-d709df184e,V03_RANDOM_MIXED,nominal
object_red_01,RED,0.011874321740680732,-0.23903635200303366,-0.3739237378723358,1,RED,CORRECT,VALID,0.8756476683937824,FALSE,0.0003028757698243494,0.006545628043644225,2,0.01,PLACED_CONTROLLER_CONFIRMED,RED,,-0.24954546890581958,0.21007844156190555,0.011947085206135702,RED,RED:0,TRUE,TRUE,TRUE,0.0024557841865548223,1,0,1567,153.2,0.00160944177,V03_RANDOM_MIXED__nominal__20261030,m9_random_mixed_three-d709df184e,V03_RANDOM_MIXED,nominal
object_green_01,GREEN,0.09576172973140401,-0.33419675313263875,-0.3612155500500472,3,GREEN,CORRECT,VALID,0.8125,FALSE,0.0004791149540057853,0.019314211264345182,2,0.01,PLACED_CONTROLLER_CONFIRMED,GREEN,,-0.03243057411099741,0.297664859539406,0.011947056982145994,GREEN,GREEN:0,TRUE,TRUE,TRUE,0.0023745052191486557,1,0,1175,308.12,0.00246190955,V03_RANDOM_MIXED__nominal__20261030,m9_random_mixed_three-d709df184e,V03_RANDOM_MIXED,nominal
object_green_01,GREEN,0.08332526016381014,-0.30230197057418234,-0.5528826188913539,3,GREEN,CORRECT,VALID,0.8133971291866029,FALSE,0.0004082037021101006,0.005598522041410536,2,0.01,PLACED_CONTROLLER_CONFIRMED,GREEN,,-0.03288161049439777,0.2979679242429684,0.01194718456867176,GREEN,GREEN:0,TRUE,TRUE,TRUE,0.002215077638853255,1,0,1159,192.2,0.00198654857,V03_RANDOM_MIXED__nominal__20261020,m9_random_mixed_three-d9e7647e8a,V03_RANDOM_MIXED,nominal
object_blue_01,BLUE,-0.11466064124928516,-0.18460393794751723,-0.2787501395129047,1,BLUE,CORRECT,VALID,0.9184782608695652,FALSE,0.0002401551937407267,0.0004761557151500284,2,0.01,PLACED_CONTROLLER_CONFIRMED,BLUE,,0.18820556525322896,0.20761505624558144,0.01194701970536955,BLUE,BLUE:0,TRUE,TRUE,TRUE,0.0023937864952988525,1,0,1247,339.48,0.00147930516,V03_RANDOM_MIXED__nominal__20261020,m9_random_mixed_three-d9e7647e8a,V03_RANDOM_MIXED,nominal
object_red_01,RED,0.07185075845156672,-0.2053824916732733,-0.007526185909269234,2,RED,CORRECT,VALID,0.8666666666666667,FALSE,0.0009579583916430607,0.0074070521176179405,2,0.01,PLACED_CONTROLLER_CONFIRMED,RED,,-0.2513919033295044,0.21084821775902068,0.011947015000299176,RED,RED:0,TRUE,TRUE,TRUE,0.0010436737648259278,1,0,1528,34.12,0.00253713664,V03_RANDOM_MIXED__nominal__20261020,m9_random_mixed_three-d9e7647e8a,V03_RANDOM_MIXED,nominal
object_green_01,GREEN,-0.07968831770723979,-0.21006728661074628,-0.21434543518038707,1,GREEN,CORRECT,VALID,0.9130434782608695,FALSE,0.00035389020905791496,0.004270350060739947,2,0.01,SKIPPED_UNREACHABLE,GREEN,COLLISION_GRASP,-0.07968831770723979,-0.21006728661074628,0.007947014951100801,,,TRUE,TRUE,FALSE,0.43380634596741746,1,0,0,,,V03_RANDOM_MIXED__nominal__20261025,m9_random_mixed_three-dc67dcf424,V03_RANDOM_MIXED,nominal
object_red_01,RED,-0.01987138031921963,-0.1989641485890473,0.6349051755242592,2,RED,CORRECT,VALID,0.9067357512953368,FALSE,0.00025647464228876284,0.008391944412411645,2,0.01,SKIPPED_UNREACHABLE,RED,COLLISION_GRASP,-0.01987138031921963,-0.1989641485890473,0.007947014951097276,,,TRUE,TRUE,FALSE,0.44217520010390543,1,0,0,,,V03_RANDOM_MIXED__nominal__20261025,m9_random_mixed_three-dc67dcf424,V03_RANDOM_MIXED,nominal
object_blue_01,BLUE,0.09931971371357351,-0.32788434458816773,-0.5587853560074914,3,BLUE,CORRECT,VALID,0.8093023255813954,FALSE,0.0005471407373949411,8.342357722401772e-05,2,0.01,PLACED_CONTROLLER_CONFIRMED,BLUE,,0.18699782186420263,0.20798698653598316,0.011947118620816972,BLUE,BLUE:0,TRUE,TRUE,TRUE,0.00224868499843427,1,0,943,33.16,0.000973941432,V03_RANDOM_MIXED__nominal__20261025,m9_random_mixed_three-dc67dcf424,V03_RANDOM_MIXED,nominal
object_red_01,RED,0.023289522547698116,-0.1655515987153725,-0.7419043876715801,2,RED,CORRECT,VALID,0.9025641025641026,FALSE,0.00046716344383537653,0.043306623103713804,2,0.01,PLACED_CONTROLLER_CONFIRMED,RED,,-0.2496442171444669,0.2091305002982641,0.011947019173845531,RED,RED:0,TRUE,TRUE,TRUE,0.0025111237710918263,1,0,1649,35.68,0.00251165303,V03_RANDOM_MIXED__nominal__20261019,m9_random_mixed_three-e588219677,V03_RANDOM_MIXED,nominal
object_blue_01,BLUE,0.010291842033469917,-0.2924405017464675,0.35470101982296875,1,BLUE,CORRECT,VALID,0.8711340206185567,FALSE,0.00046402326124754333,0.0038544918092691116,2,0.01,PLACED_CONTROLLER_CONFIRMED,BLUE,,0.18595650644666628,0.20908374648293762,0.011910992305433698,BLUE,BLUE:0,TRUE,TRUE,TRUE,0.00223950584059199,1,0,992,327.04,0.00182466955,V03_RANDOM_MIXED__nominal__20261019,m9_random_mixed_three-e588219677,V03_RANDOM_MIXED,nominal
object_green_01,GREEN,0.11871275743481158,-0.3024259054396038,-0.5689688781041523,3,GREEN,CORRECT,VALID,0.8113207547169812,FALSE,0.00011569853883899547,0.018900483930917478,2,0.01,PLACED_CONTROLLER_CONFIRMED,GREEN,,-0.032886321896332255,0.29783942185905404,0.01194701698255166,GREEN,GREEN:0,TRUE,TRUE,TRUE,0.0023353082038676267,1,0,1126,188.56,0.00232697629,V03_RANDOM_MIXED__nominal__20261019,m9_random_mixed_three-e588219677,V03_RANDOM_MIXED,nominal
object_red_01,RED,-0.10126927258388022,-0.2995728244895549,-0.2488679465455389,1,RED,CORRECT,VALID,0.8549222797927462,FALSE,0.0005180067674403158,0.003921943585333931,2,0.01,PLACED_CONTROLLER_CONFIRMED,RED,,-0.24960717383007414,0.2103492357112907,0.011947019321483126,RED,RED:0,TRUE,TRUE,TRUE,0.0024181775496275714,1,0,1538,185.28,0.0011875937,V03_RANDOM_MIXED__nominal__20261026,m9_random_mixed_three-e71b5aefff,V03_RANDOM_MIXED,nominal
object_blue_01,BLUE,-0.026055916337952442,-0.2764507844589079,-0.3596400706801206,2,BLUE,CORRECT,VALID,0.8629441624365483,FALSE,0.0003346595768351592,0.0008535632312427488,2,0.01,SKIPPED_UNREACHABLE,BLUE,COLLISION_GRASP,-0.026055916337952442,-0.2764507844589079,0.007947014951217251,,,TRUE,TRUE,FALSE,0.5126989876465792,1,0,0,,,V03_RANDOM_MIXED__nominal__20261026,m9_random_mixed_three-e71b5aefff,V03_RANDOM_MIXED,nominal
object_green_01,GREEN,0.010991798724789281,-0.3394205058406843,0.23081134532285064,3,GREEN,CORRECT,VALID,0.8505154639175257,FALSE,0.0005009254969304847,0.012335212772338844,2,0.01,PLACED_CONTROLLER_CONFIRMED,GREEN,,-0.0299106211307015,0.30069659214266037,0.011947014950190696,GREEN,GREEN:0,TRUE,TRUE,TRUE,0.0022024406172896603,1,0,1228,37.28,0.00159117915,V03_RANDOM_MIXED__nominal__20261026,m9_random_mixed_three-e71b5aefff,V03_RANDOM_MIXED,nominal
object_red_01,RED,-0.06472763102298583,-0.1992474100680744,0.588103429988547,1,RED,CORRECT,VALID,0.9042553191489362,FALSE,0.000271392034649633,0.000316918409714928,2,0.01,PLACED_CONTROLLER_CONFIRMED,RED,,-0.2499079906000178,0.20870596714581158,0.011947014948558494,RED,RED:0,TRUE,TRUE,TRUE,0.0024598829966754245,1,0,1708,40.96,0.00234577865,V03_RANDOM_MIXED__nominal__20261023,m9_random_mixed_three-eb583de976,V03_RANDOM_MIXED,nominal
object_blue_01,BLUE,-0.03484660933913193,-0.2668860537260757,-0.29532949733100083,2,BLUE,CORRECT,VALID,0.8795811518324608,FALSE,0.00038760942966719675,0.0038896064694897703,2,0.01,SKIPPED_UNREACHABLE,BLUE,COLLISION_GRASP,-0.03484660933913193,-0.2668860537260757,0.007947014951043965,,,TRUE,TRUE,FALSE,0.5008755028041899,1,0,0,,,V03_RANDOM_MIXED__nominal__20261023,m9_random_mixed_three-eb583de976,V03_RANDOM_MIXED,nominal
object_green_01,GREEN,0.008819924581264516,-0.29719013282411944,0.4587051637017745,3,GREEN,CORRECT,VALID,0.8848167539267016,FALSE,0.00015559854267126693,0.0047212633433662,2,0.01,SKIPPED_UNREACHABLE,GREEN,COLLISION_GRASP,0.008819924581264516,-0.29719013282411944,0.007947014951041963,,,TRUE,TRUE,FALSE,0.5379101507326401,1,0,0,,,V03_RANDOM_MIXED__nominal__20261023,m9_random_mixed_three-eb583de976,V03_RANDOM_MIXED,nominal
object_red_01,RED,-0.08525273717799899,-0.2036678799308437,-0.1683105007163891,1,RED,CORRECT,VALID,0.907608695652174,FALSE,0.00041691958921173737,0.003092461361383414,2,0.01,PLACED_CONTROLLER_CONFIRMED,RED,,-0.24970655421295349,0.21015503980443356,0.011947014951387142,RED,RED:0,TRUE,TRUE,TRUE,0.002298680255946924,1,0,1715,43.68,0.00211598785,V07_RGB_NOISE__sigma_4__20261004,m9_random_red_one-01366c3f7d,V07_RGB_NOISE,sigma_4
object_red_01,RED,-0.0013621379039727988,-0.21832689244927006,0.6552860923659807,1,RED,CORRECT,VALID,0.8871794871794871,FALSE,0.00020249615338892174,0.011564122446231506,2,0.01,SAFE_FAILURE,RED,NO_HOLD_AFTER_TEST_LIFT;RECOVERY_FAILED_OR_STATE_UNKNOWN,-0.003918662117262247,-0.21484186664775826,0.007904475702642175,,,TRUE,TRUE,FALSE,0.46300815393840555,1,1,58,36.6,0.0125890839,V10_GRIP_FRICTION__scale_0_001__20261006,m9_random_red_one-02d38002ad,V10_GRIP_FRICTION,scale_0_001
object_red_01,RED,0.043788840919644495,-0.19873052105046096,0.5303306189505701,1,RED,CORRECT,VALID,0.9297297297297298,FALSE,0.00024015335071622516,0.010950705143654815,2,0.01,SAFE_FAILURE,RED,NO_HOLD_AFTER_TEST_LIFT;RECOVERY_FAILED_OR_STATE_UNKNOWN,0.04488514521517605,-0.20053365280600866,0.007947233675526494,,,TRUE,TRUE,FALSE,0.4347640069581723,1,1,58,33.96,0.0135330676,V10_GRIP_FRICTION__scale_0_001__20261009,m9_random_red_one-09425eafc7,V10_GRIP_FRICTION,scale_0_001
object_red_01,RED,-0.05444669219938565,-0.26117721404359645,0.7385036122565138,1,RED,CORRECT,VALID,0.8509615384615384,FALSE,0.00038801887372594295,0.04671310863979783,2,0.01,PLACED_CONTROLLER_CONFIRMED,RED,,-0.24938891440516228,0.20951659276442006,0.011901108468175563,RED,RED:0,TRUE,TRUE,TRUE,0.002655456747714051,1,0,1595,39.48,0.00207112025,V07_RGB_NOISE__sigma_8__20261008,m9_random_red_one-12282bafea,V07_RGB_NOISE,sigma_8
object_red_01,RED,-0.0013621379039727988,-0.21832689244927006,0.6552860923659807,1,RED,CORRECT,VALID,0.882051282051282,FALSE,0.00020249615338892174,0.011564122446231506,2,0.01,PLACED_CONTROLLER_CONFIRMED,RED,,-0.24988420395090877,0.20871249607086603,0.0119470245045542,RED,RED:0,TRUE,TRUE,TRUE,0.002476743686554073,1,0,1619,36.6,0.00185039583,V07_RGB_NOISE__sigma_8__20261006,m9_random_red_one-1b46bfe0d4,V07_RGB_NOISE,sigma_8
object_red_01,RED,-0.08882229164637054,-0.31524340068535006,0.6519142095900912,1,RED,CORRECT,VALID,0.8277511961722488,FALSE,0.00043400636459436443,0.00863259878594258,2,0.01,PLACED_CONTROLLER_CONFIRMED,RED,,-0.24968557055356705,0.20888968887653855,0.011947023628817404,RED,RED:0,TRUE,TRUE,TRUE,0.002566977688527531,1,0,1510,39.4,0.00185891407,V07_RGB_NOISE__sigma_0__20261002,m9_random_red_one-1d94d2627e,V07_RGB_NOISE,sigma_0
object_red_01,RED,-0.06877731333673537,-0.27550580917960016,0.04565846414812735,1,RED,CORRECT,VALID,0.8697916666666666,FALSE,0.0003919452006075817,0.0455183177350057,2,0.01,PLACED_CONTROLLER_CONFIRMED,RED,,-0.25122102874083874,0.21077377165661046,0.011947036343489063,RED,RED:0,TRUE,TRUE,TRUE,0.001097961201123698,1,0,1596,40.68,0.00245191189,V07_RGB_NOISE__sigma_8__20261001,m9_random_red_one-2060a7db0a,V07_RGB_NOISE,sigma_8
object_red_01,RED,-0.07114879606850284,-0.19060868556387256,-0.6655927647673263,1,RED,CORRECT,VALID,0.8963730569948186,FALSE,0.00022978556770600963,0.004413281830466964,2,0.01,SAFE_FAILURE,RED,NO_HOLD_AFTER_TEST_LIFT;RECOVERY_FAILED_OR_STATE_UNKNOWN,-0.07462609933690197,-0.1878829987533307,0.007947309047463302,,,TRUE,TRUE,FALSE,0.4137203428023681,1,1,58,41.8,0.0124608062,V10_GRIP_FRICTION__scale_0_001__20261007,m9_random_red_one-21c1ab4114,V10_GRIP_FRICTION,scale_0_001
object_red_01,RED,-0.039249839223270216,-0.220499220968706,-0.7191415885090361,1,RED,CORRECT,VALID,0.8656716417910447,FALSE,0.00027852468277454734,0.00015253017209682085,2,0.01,PLACED_CONTROLLER_CONFIRMED,RED,,-0.24970313141030026,0.20922765319979034,0.011947019806065561,RED,RED:0,TRUE,TRUE,TRUE,0.00242324676790115,1,0,1657,39.16,0.00174607,V07_RGB_NOISE__sigma_4__20261010,m9_random_red_one-2368153c32,V07_RGB_NOISE,sigma_4
object_red_01,RED,-0.08525273717799899,-0.2036678799308437,-0.1683105007163891,1,RED,CORRECT,VALID,0.907608695652174,FALSE,0.00041691958921173737,0.003092461361383414,2,0.01,PLACED_CONTROLLER_CONFIRMED,RED,,-0.24970655421295349,0.21015503980443356,0.011947014951387142,RED,RED:0,TRUE,TRUE,TRUE,0.002298680255946924,1,0,1715,43.68,0.00211598785,V07_RGB_NOISE__sigma_0__20261004,m9_random_red_one-2432305cf6,V07_RGB_NOISE,sigma_0
object_red_01,RED,-0.07114879606850284,-0.19060868556387256,-0.6655927647673263,1,RED,CORRECT,VALID,0.8814432989690721,FALSE,0.00022978556770600963,0.004413281830466964,2,0.01,PLACED_CONTROLLER_CONFIRMED,RED,,-0.24973379301537824,0.20926808392422216,0.011947020665399278,RED,RED:0,TRUE,TRUE,TRUE,0.0023814691346163803,1,0,1735,41.8,0.00166872134,V07_RGB_NOISE__sigma_8__20261007,m9_random_red_one-2b947bb03e,V07_RGB_NOISE,sigma_8
object_red_01,RED,0.043788840919644495,-0.19873052105046096,0.5303306189505701,1,RED,CORRECT,VALID,0.9297297297297298,FALSE,0.00024015335071622516,0.010950705143654815,2,0.01,PLACED_CONTROLLER_CONFIRMED,RED,,-0.25023491136671083,0.20843587481718562,0.011902391809423917,RED,RED:0,TRUE,TRUE,TRUE,0.0023583946808964622,1,0,1575,33.96,0.00228609026,V07_RGB_NOISE__sigma_0__20261009,m9_random_red_one-364c4a7f69,V07_RGB_NOISE,sigma_0
object_red_01,RED,-0.12362090215260399,-0.1732395918004377,-0.25315199421151957,1,RED,CORRECT,VALID,0.8842105263157894,FALSE,0.0003353431167308223,0.008134151761105546,2,0.01,PLACED_CONTROLLER_CONFIRMED,RED,,-0.24972697620935586,0.20985503961830396,0.011947014948607164,RED,RED:0,TRUE,TRUE,TRUE,0.0022776414698314007,1,0,1792,46.2,0.0016514303,V07_RGB_NOISE__sigma_8__20261003,m9_random_red_one-3feb28e4c2,V07_RGB_NOISE,sigma_8
object_red_01,RED,-0.0013621379039727988,-0.21832689244927006,0.6552860923659807,1,RED,CORRECT,VALID,0.8871794871794871,FALSE,0.00020249615338892174,0.011564122446231506,2,0.01,PLACED_CONTROLLER_CONFIRMED,RED,,-0.24988420395090877,0.20871249607086603,0.0119470245045542,RED,RED:0,TRUE,TRUE,TRUE,0.002476743686554073,1,0,1619,36.6,0.00185039583,V07_RGB_NOISE__sigma_4__20261006,m9_random_red_one-42c38ba9b6,V07_RGB_NOISE,sigma_4
object_red_01,RED,-0.08882229164637054,-0.31524340068535006,0.6519142095900912,1,RED,CORRECT,VALID,0.8277511961722488,FALSE,0.00043400636459436443,0.00863259878594258,2,0.01,SAFE_FAILURE,RED,NO_HOLD_AFTER_TEST_LIFT;RECOVERY_FAILED_OR_STATE_UNKNOWN,-0.09094298791697478,-0.31227093965022884,0.007908014941878727,,,TRUE,TRUE,FALSE,0.5312127615161533,1,1,57,39.4,0.0125652619,V10_GRIP_FRICTION__scale_0_001__20261002,m9_random_red_one-4cf4d7b3b2,V10_GRIP_FRICTION,scale_0_001
object_red_01,RED,-0.06877731333673537,-0.27550580917960016,0.04565846414812735,1,RED,CORRECT,VALID,0.8645833333333334,FALSE,0.0003919452006075817,0.0455183177350057,2,0.01,SAFE_FAILURE,RED,NO_HOLD_AFTER_TEST_LIFT;RECOVERY_FAILED_OR_STATE_UNKNOWN,-0.06639430127444294,-0.27545340550887815,0.00794702671525484,,,TRUE,TRUE,FALSE,0.5004527499002261,1,1,80,40.68,0.0130287382,V10_GRIP_FRICTION__scale_0_001__20261001,m9_random_red_one-56bc91b3eb,V10_GRIP_FRICTION,scale_0_001
object_red_01,RED,-0.039249839223270216,-0.220499220968706,-0.7191415885090361,1,RED,CORRECT,VALID,0.8706467661691543,FALSE,0.00022695662084235775,0.00015245467419733316,2,0.01,PLACED_CONTROLLER_CONFIRMED,RED,,-0.24970360863151397,0.20922709002846487,0.011947020455896115,RED,RED:0,TRUE,TRUE,TRUE,0.0024229740282049146,1,0,1657,39.16,0.00160099882,V07_RGB_NOISE__sigma_8__20261010,m9_random_red_one-613ec48deb,V07_RGB_NOISE,sigma_8
object_red_01,RED,-0.12362090215260399,-0.1732395918004377,-0.25315199421151957,1,RED,CORRECT,VALID,0.8888888888888888,FALSE,0.0003353431167308223,0.008134151761105546,2,0.01,SAFE_FAILURE,RED,NO_HOLD_AFTER_TEST_LIFT;RECOVERY_FAILED_OR_STATE_UNKNOWN,-0.12935195871925287,-0.17177131231269546,0.007947313311349544,,,TRUE,TRUE,FALSE,0.38624982543818176,1,1,58,46.2,0.0125855799,V10_GRIP_FRICTION__scale_0_001__20261003,m9_random_red_one-63e353ff24,V10_GRIP_FRICTION,scale_0_001
object_red_01,RED,-0.06877731333673537,-0.27550580917960016,0.04565846414812735,1,RED,CORRECT,VALID,0.8645833333333334,FALSE,0.0003919452006075817,0.0455183177350057,2,0.01,SAFE_FAILURE,RED,PLACE_VERIFICATION_TIMEOUT,-0.25122102874083874,0.21077377165661046,0.011947036343489063,RED,RED:0,TRUE,TRUE,TRUE,0.001097961201123698,1,0,1596,40.68,0.00245191189,v07_light_high,m9_random_red_one-78fe5f3176,v07_light_high,fixed
object_red_01,RED,-0.08882229164637054,-0.31524340068535006,0.6519142095900912,1,RED,CORRECT,VALID,0.8277511961722488,FALSE,0.00043400636459436443,0.00863259878594258,2,0.01,PLACED_CONTROLLER_CONFIRMED,RED,,-0.24968557055356705,0.20888968887653855,0.011947023628817404,RED,RED:0,TRUE,TRUE,TRUE,0.002566977688527531,1,0,1510,39.4,0.00185891407,V07_RGB_NOISE__sigma_4__20261002,m9_random_red_one-84d5d70e93,V07_RGB_NOISE,sigma_4
object_red_01,RED,0.043788840919644495,-0.19873052105046096,0.5303306189505701,1,RED,CORRECT,VALID,0.9297297297297298,FALSE,0.00024015335071622516,0.010950705143654815,2,0.01,PLACED_CONTROLLER_CONFIRMED,RED,,-0.25023491136671083,0.20843587481718562,0.011902391809423917,RED,RED:0,TRUE,TRUE,TRUE,0.0023583946808964622,1,0,1575,33.96,0.00228609026,V07_RGB_NOISE__sigma_4__20261009,m9_random_red_one-8a705615ed,V07_RGB_NOISE,sigma_4
object_red_01,RED,-0.12362090215260399,-0.1732395918004377,-0.25315199421151957,1,RED,CORRECT,VALID,0.8888888888888888,FALSE,0.0003353431167308223,0.008134151761105546,2,0.01,PLACED_CONTROLLER_CONFIRMED,RED,,-0.24972697620935586,0.20985503961830396,0.011947014948607164,RED,RED:0,TRUE,TRUE,TRUE,0.0022776414698314007,1,0,1792,46.2,0.0016514303,V07_RGB_NOISE__sigma_4__20261003,m9_random_red_one-8bed129a5f,V07_RGB_NOISE,sigma_4
object_red_01,RED,-0.08882229164637054,-0.31524340068535006,0.6519142095900912,1,RED,CORRECT,VALID,0.8277511961722488,FALSE,0.0005834790797191941,0.00863259878594258,2,0.01,PLACED_CONTROLLER_CONFIRMED,RED,,-0.24968421511903452,0.2088723157305475,0.01194702551857545,RED,RED:0,TRUE,TRUE,TRUE,0.0025757584177245633,1,0,1510,39.4,0.001992233,V07_RGB_NOISE__sigma_8__20261002,m9_random_red_one-914ac5c240,V07_RGB_NOISE,sigma_8
object_red_01,RED,-0.058471299536760044,-0.28706801585278974,-0.5427195858190004,1,RED,CORRECT,VALID,0.8465346534653465,FALSE,0.0004865598622992904,0.0022044451279246147,2,0.01,PLACED_CONTROLLER_CONFIRMED,RED,,-0.24949162287067447,0.2098330131425973,0.011947014949864176,RED,RED:0,TRUE,TRUE,TRUE,0.0025139292817158965,1,0,1551,39.76,0.0022146272,V07_RGB_NOISE__sigma_0__20261005,m9_random_red_one-91acfc6052,V07_RGB_NOISE,sigma_0
object_red_01,RED,-0.05444669219938565,-0.26117721404359645,0.7385036122565138,1,RED,CORRECT,VALID,0.8509615384615384,FALSE,0.00038801887372594295,0.04671310863979783,2,0.01,PLACED_CONTROLLER_CONFIRMED,RED,,-0.24938891440516228,0.20951659276442006,0.011901108468175563,RED,RED:0,TRUE,TRUE,TRUE,0.002655456747714051,1,0,1595,39.48,0.00207112025,V07_RGB_NOISE__sigma_4__20261008,m9_random_red_one-9523670ddb,V07_RGB_NOISE,sigma_4
object_red_01,RED,-0.039249839223270216,-0.220499220968706,-0.7191415885090361,1,RED,CORRECT,VALID,0.8656716417910447,FALSE,0.00027852468277454734,0.00015253017209682085,2,0.01,PLACED_CONTROLLER_CONFIRMED,RED,,-0.24970313141030026,0.20922765319979034,0.011947019806065561,RED,RED:0,TRUE,TRUE,TRUE,0.00242324676790115,1,0,1657,39.16,0.00174607,V07_RGB_NOISE__sigma_0__20261010,m9_random_red_one-983c2d6a30,V07_RGB_NOISE,sigma_0
object_red_01,RED,-0.05444669219938565,-0.26117721404359645,0.7385036122565138,1,RED,CORRECT,VALID,0.8509615384615384,FALSE,0.00038801887372594295,0.04671310863979783,2,0.01,SAFE_FAILURE,RED,NO_HOLD_AFTER_TEST_LIFT;RECOVERY_FAILED_OR_STATE_UNKNOWN,-0.052110480111511336,-0.26377484797409206,0.007907149359725266,,,TRUE,TRUE,FALSE,0.4928778430690489,1,1,58,39.48,0.0133297664,V10_GRIP_FRICTION__scale_0_001__20261008,m9_random_red_one-989db608f1,V10_GRIP_FRICTION,scale_0_001
object_red_01,RED,-0.07114879606850284,-0.19060868556387256,-0.6655927647673263,1,RED,CORRECT,VALID,0.8963730569948186,FALSE,0.00022978556770600963,0.004413281830466964,2,0.01,PLACED_CONTROLLER_CONFIRMED,RED,,-0.24973379301537824,0.20926808392422216,0.011947020665399278,RED,RED:0,TRUE,TRUE,TRUE,0.0023814691346163803,1,0,1735,41.8,0.00166872134,V07_RGB_NOISE__sigma_0__20261007,m9_random_red_one-a066d57d06,V07_RGB_NOISE,sigma_0
object_red_01,RED,-0.08525273717799899,-0.2036678799308437,-0.1683105007163891,1,RED,CORRECT,VALID,0.9130434782608695,FALSE,8.859853672618582e-05,0.003092342152093863,2,0.01,PLACED_CONTROLLER_CONFIRMED,RED,,-0.2497610475538173,0.209828225194914,0.011947014951429585,RED,RED:0,TRUE,TRUE,TRUE,0.0022455321507228038,1,0,1715,43.68,0.00211613411,V07_RGB_NOISE__sigma_8__20261004,m9_random_red_one-a650db689f,V07_RGB_NOISE,sigma_8
object_red_01,RED,-0.06877731333673537,-0.27550580917960016,0.04565846414812735,1,RED,CORRECT,VALID,0.8645833333333334,FALSE,0.0003919452006075817,0.0455183177350057,2,0.01,PLACED_CONTROLLER_CONFIRMED,RED,,-0.25122102874083874,0.21077377165661046,0.011947036343489063,RED,RED:0,TRUE,TRUE,TRUE,0.001097961201123698,1,0,1596,40.68,0.00245191189,V07_RGB_NOISE__sigma_4__20261001,m9_random_red_one-a87570b756,V07_RGB_NOISE,sigma_4
object_red_01,RED,-0.06877731333673537,-0.27550580917960016,0.04565846414812735,1,RED,CORRECT,VALID,0.8645833333333334,FALSE,0.0003919452006075817,0.0455183177350057,2,0.01,PLACED_CONTROLLER_CONFIRMED,RED,,-0.25122102874083874,0.21077377165661046,0.011947036343489063,RED,RED:0,TRUE,TRUE,TRUE,0.001097961201123698,1,0,1596,40.68,0.00245191189,V07_RGB_NOISE__sigma_0__20261001,m9_random_red_one-b179169ba2,V07_RGB_NOISE,sigma_0
object_red_01,RED,-0.12362090215260399,-0.1732395918004377,-0.25315199421151957,1,RED,CORRECT,VALID,0.8888888888888888,FALSE,0.0003353431167308223,0.008134151761105546,2,0.01,PLACED_CONTROLLER_CONFIRMED,RED,,-0.24972697620935586,0.20985503961830396,0.011947014948607164,RED,RED:0,TRUE,TRUE,TRUE,0.0022776414698314007,1,0,1792,46.2,0.0016514303,V07_RGB_NOISE__sigma_0__20261003,m9_random_red_one-baee0937b5,V07_RGB_NOISE,sigma_0
object_red_01,RED,-0.058471299536760044,-0.28706801585278974,-0.5427195858190004,1,RED,CORRECT,VALID,0.8465346534653465,FALSE,0.0005427760367076265,0.0022046994397584285,2,0.01,PLACED_CONTROLLER_CONFIRMED,RED,,-0.24925822375952944,0.20989301708690936,0.011947120482199902,RED,RED:0,TRUE,TRUE,TRUE,0.0027438626599198155,1,0,1551,39.76,0.00166246748,V07_RGB_NOISE__sigma_4__20261005,m9_random_red_one-c190051aa0,V07_RGB_NOISE,sigma_4
object_red_01,RED,-0.058471299536760044,-0.28706801585278974,-0.5427195858190004,1,RED,CORRECT,VALID,0.8465346534653465,FALSE,0.0006999514615596693,0.0022044769144340393,2,0.01,PLACED_CONTROLLER_CONFIRMED,RED,,-0.24916947753242918,0.21004135250697042,0.011947120656960124,RED,RED:0,TRUE,TRUE,TRUE,0.0028308245210990966,1,0,1550,39.76,0.00166222218,V07_RGB_NOISE__sigma_8__20261005,m9_random_red_one-cceb390d8a,V07_RGB_NOISE,sigma_8
object_red_01,RED,-0.05444669219938565,-0.26117721404359645,0.7385036122565138,1,RED,CORRECT,VALID,0.8509615384615384,FALSE,0.00038801887372594295,0.04671310863979783,2,0.01,PLACED_CONTROLLER_CONFIRMED,RED,,-0.24938891440516228,0.20951659276442006,0.011901108468175563,RED,RED:0,TRUE,TRUE,TRUE,0.002655456747714051,1,0,1595,39.48,0.00207112025,V07_RGB_NOISE__sigma_0__20261008,m9_random_red_one-d15ac1758a,V07_RGB_NOISE,sigma_0
object_red_01,RED,-0.06877731333673537,-0.27550580917960016,0.04565846414812735,1,RED,CORRECT,VALID,0.8645833333333334,FALSE,0.0003919452006075817,0.0455183177350057,2,0.01,SAFE_FAILURE,RED,PLACE_VERIFICATION_TIMEOUT,-0.25122102874083874,0.21077377165661046,0.011947036343489063,RED,RED:0,TRUE,TRUE,TRUE,0.001097961201123698,1,0,1596,40.68,0.00245191189,v07_light_low,m9_random_red_one-d8d4785e8c,v07_light_low,fixed
object_red_01,RED,-0.058471299536760044,-0.28706801585278974,-0.5427195858190004,1,RED,CORRECT,VALID,0.8465346534653465,FALSE,0.0004865598622992904,0.0022044451279246147,2,0.01,SAFE_FAILURE,RED,NO_HOLD_AFTER_TEST_LIFT;RECOVERY_FAILED_OR_STATE_UNKNOWN,-0.061574507833497334,-0.285353975665199,0.007906401395836479,,,TRUE,TRUE,FALSE,0.5112327906901718,1,1,57,39.76,0.0127444138,V10_GRIP_FRICTION__scale_0_001__20261005,m9_random_red_one-e0656e7059,V10_GRIP_FRICTION,scale_0_001
object_red_01,RED,-0.08525273717799899,-0.2036678799308437,-0.1683105007163891,1,RED,CORRECT,VALID,0.907608695652174,FALSE,0.00041691958921173737,0.003092461361383414,2,0.01,SAFE_FAILURE,RED,NO_HOLD_AFTER_TEST_LIFT;RECOVERY_FAILED_OR_STATE_UNKNOWN,-0.09161496386370849,-0.20255148041431417,0.007947356041890173,,,TRUE,TRUE,FALSE,0.4236611844186773,1,1,59,43.68,0.013637463,V10_GRIP_FRICTION__scale_0_001__20261004,m9_random_red_one-e240c6337b,V10_GRIP_FRICTION,scale_0_001
object_red_01,RED,0.043788840919644495,-0.19873052105046096,0.5303306189505701,1,RED,CORRECT,VALID,0.9243243243243243,FALSE,0.00024015335071622516,0.010950705143654815,2,0.01,PLACED_CONTROLLER_CONFIRMED,RED,,-0.25023491136671083,0.20843587481718562,0.011902391809423917,RED,RED:0,TRUE,TRUE,TRUE,0.0023583946808964622,1,0,1575,33.96,0.00228609026,V07_RGB_NOISE__sigma_8__20261009,m9_random_red_one-e70d221225,V07_RGB_NOISE,sigma_8
object_red_01,RED,-0.06877731333673537,-0.27550580917960016,0.04565846414812735,1,RED,CORRECT,VALID,0.8645833333333334,FALSE,0.003183944470552493,0.0455183177350057,2,0.01,PLACED_CONTROLLER_CONFIRMED,RED,,-0.25121884774247283,0.2127804034072484,0.011947035239290933,RED,RED:0,TRUE,TRUE,TRUE,0.0028880515848021832,1,0,1591,40.64,0.00243671613,v07_calibration_bias,m9_random_red_one-f07315be46,v07_calibration_bias,fixed
object_red_01,RED,-0.0013621379039727988,-0.21832689244927006,0.6552860923659807,1,RED,CORRECT,VALID,0.8871794871794871,FALSE,0.00020249615338892174,0.011564122446231506,2,0.01,PLACED_CONTROLLER_CONFIRMED,RED,,-0.24988420395090877,0.20871249607086603,0.0119470245045542,RED,RED:0,TRUE,TRUE,TRUE,0.002476743686554073,1,0,1619,36.6,0.00185039583,V07_RGB_NOISE__sigma_0__20261006,m9_random_red_one-f306496ecf,V07_RGB_NOISE,sigma_0
object_red_01,RED,-0.039249839223270216,-0.220499220968706,-0.7191415885090361,1,RED,CORRECT,VALID,0.8656716417910447,FALSE,0.00027852468277454734,0.00015253017209682085,2,0.01,SAFE_FAILURE,RED,NO_HOLD_AFTER_TEST_LIFT;RECOVERY_FAILED_OR_STATE_UNKNOWN,-0.042508164591151774,-0.2176278066382404,0.00794731429381467,,,TRUE,TRUE,FALSE,0.4517005813377571,1,1,58,39.16,0.0126876495,V10_GRIP_FRICTION__scale_0_001__20261010,m9_random_red_one-f39f5279f6,V10_GRIP_FRICTION,scale_0_001
object_red_01,RED,-0.07114879606850284,-0.19060868556387256,-0.6655927647673263,1,RED,CORRECT,VALID,0.8963730569948186,FALSE,0.00022978556770600963,0.004413281830466964,2,0.01,PLACED_CONTROLLER_CONFIRMED,RED,,-0.24973379301537824,0.20926808392422216,0.011947020665399278,RED,RED:0,TRUE,TRUE,TRUE,0.0023814691346163803,1,0,1735,41.8,0.00166872134,V07_RGB_NOISE__sigma_4__20261007,m9_random_red_one-f5c5da476f,V07_RGB_NOISE,sigma_4
object_red_01,RED,-0.09,-0.19,0.0,2,RED,CORRECT,VALID,0.9285714285714286,FALSE,0.0005102954509738398,0.00013761123153166466,2,0.01,PENDING,RED,,-0.09,-0.19,0.007947014951203054,,,TRUE,TRUE,FALSE,0.41183006204015754,0,0,0,,,v02_two_per_color,m9_six_object_grid-0ce3eda3ca,v02_two_per_color,fixed
object_green_01,GREEN,0.0,-0.19,0.0,4,GREEN,CORRECT,VALID,0.9285714285714286,FALSE,0.00012637824160465665,0.00014463265473452225,2,0.01,PLACED_CONTROLLER_CONFIRMED,GREEN,,-0.031051217672487936,0.2993234317629169,0.011947014955294879,GREEN,GREEN:0,TRUE,TRUE,TRUE,0.001165303601826106,1,0,1396,151.6,0.00241516016,v02_two_per_color,m9_six_object_grid-0ce3eda3ca,v02_two_per_color,fixed
object_blue_01,BLUE,0.09,-0.19,0.0,6,BLUE,CORRECT,VALID,0.9285714285714286,FALSE,0.0005474907120203517,0.00011722644301848106,2,0.01,PLACED_CONTROLLER_CONFIRMED,BLUE,,0.19154110589596218,0.21262224999580018,0.011361933526711294,BLUE,BLUE:0,TRUE,TRUE,TRUE,0.0044063166031156,1,0,984,32.52,0.00186140487,v02_two_per_color,m9_six_object_grid-0ce3eda3ca,v02_two_per_color,fixed
object_red_02,RED,-0.09,-0.31,0.0,1,RED,CORRECT,VALID,0.8666666666666667,FALSE,0.0009628192015345119,0.00013761123153166466,2,0.01,PENDING,RED,,-0.09,-0.31,0.007947014951203054,,,TRUE,TRUE,FALSE,0.5291540418441496,0,0,0,,,v02_two_per_color,m9_six_object_grid-0ce3eda3ca,v02_two_per_color,fixed
object_green_02,GREEN,0.0,-0.31,0.0,3,GREEN,CORRECT,VALID,0.8666666666666667,FALSE,0.0008260265245616697,0.0001391490274151863,2,0.01,PENDING,GREEN,,0.0,-0.31,0.007947014951203054,,,TRUE,TRUE,FALSE,0.5529412265331642,0,0,0,,,v02_two_per_color,m9_six_object_grid-0ce3eda3ca,v02_two_per_color,fixed
object_blue_02,BLUE,0.09,-0.31,0.0,5,BLUE,CORRECT,VALID,0.8666666666666667,FALSE,0.0009814361048568856,0.00011722644301848106,2,0.01,SAFE_FAILURE,BLUE,PUBLIC_HOLD_SIGNAL_LOST,0.2237519340357479,0.20986004468566577,0.010294660427286542,BLUE,BLUE:1,TRUE,TRUE,TRUE,0.0037545434474265753,1,0,889,292.36,0.00735035971,v02_two_per_color,m9_six_object_grid-0ce3eda3ca,v02_two_per_color,fixed
object_blue_01,BLUE,0.075,-0.215,0.5235987755982988,1,BLUE,CORRECT,VALID,0.9086021505376344,FALSE,0.00033671914056705536,0.004219247237387536,2,0.01,PLACED_CONTROLLER_CONFIRMED,BLUE,,0.18964660186612098,0.20836355290672162,0.011947107078176982,BLUE,BLUE:0,TRUE,TRUE,TRUE,0.0023214772871196295,1,0,994,31.84,0.00160656585,v01_blue,single_blue_right-16654fffab,v01_blue,fixed
object_green_01,GREEN,-0.075,-0.285,0.7853981633974483,1,GREEN,CORRECT,VALID,0.8260869565217391,FALSE,0.00019524648439480253,0.00018929838936632137,2,0.01,PLACED_CONTROLLER_CONFIRMED,GREEN,,-0.029947839943860795,0.2988887162890669,0.011947019838297157,GREEN,GREEN:0,TRUE,TRUE,TRUE,0.002333733571382673,1,0,1304,39.72,0.00158139743,v01_green,single_green_left-b0933a7a95,v01_green,fixed
object_red_01,RED,0.0,-0.25,0.0,1,RED,CORRECT,VALID,0.8666666666666667,FALSE,0.00047529305993195854,0.00014129479462710037,2,0.01,PLACED_CONTROLLER_CONFIRMED,RED,,-0.2516371087512846,0.21057023269038938,0.01194703961217357,RED,RED:0,TRUE,TRUE,TRUE,0.0006759107778271864,1,0,1571,38.4,0.00195517287,v01_red,single_red_center-1a2c459f64,v01_red,fixed
object_red_01,RED,0.0,-0.25,0.0,1,RED,CORRECT,VALID,0.8666666666666667,FALSE,0.00047529305993195854,0.00014129479462710037,2,0.01,SAFE_FAILURE,RED,ACTUATOR_TRACKING_TIMEOUT;RECOVERY_FAILED_OR_STATE_UNKNOWN,0.0,-0.25,0.007947014951144015,,,TRUE,TRUE,FALSE,0.4969346033433373,1,0,0,,,v10_gripper_actuator_disabled,single_red_center-3bfa5fcd88,v10_gripper_actuator_disabled,fixed
object_red_01,RED,0.0,-0.25,0.0,1,RED,CORRECT,VALID,0.8666666666666667,FALSE,0.00047529305993195854,0.00014129479462710037,2,0.01,SAFE_FAILURE,RED,PUBLIC_HOLD_SIGNAL_LOST,0.012655211301425868,-0.24998053762301747,0.060083361635108704,,,FALSE,FALSE,FALSE,0.49226810775806695,1,0,158,38.4,0.00186072888,v10_payload_loss,single_red_center-963b27df92,v10_payload_loss,fixed
object_red_01,RED,0.0,-0.25,0.0,,MISSING,MISSING_DETECTION,STALE,,FALSE,,,2,-0.99,,,,0.0,-0.25,0.00784630379304961,,,TRUE,TRUE,FALSE,0.4969346033433373,,,0,,,v09_stale_camera,single_red_center-c38490e10a,v09_stale_camera,fixed
object_red_01,RED,0.0,-0.25,0.0,1,RED,CORRECT,VALID,0.8666666666666667,FALSE,0.00047529305993195854,0.00014129479462710037,2,0.01,RESERVED,RED,,0.0022072884003237884,-0.25015696243473834,0.060083361635108704,,,TRUE,FALSE,FALSE,0.4962492939649644,1,0,159,38.4,0.00186072888,v15_emergency_stop_after_hold,single_red_center-d5db65fada,v15_emergency_stop_after_hold,fixed
object_red_01,RED,0.0,-0.25,0.0,1,RED,CORRECT,VALID,0.8666666666666667,FALSE,0.00047529305993195854,0.00014129479462710037,2,0.01,SAFE_FAILURE,RED,PLACE_VERIFICATION_TIMEOUT,-0.2516371087512846,0.21057023269038938,0.01194703961217357,RED,RED:0,TRUE,TRUE,TRUE,0.0006759107778271864,1,0,1571,38.4,0.00195517287,v09_placement_camera_failure,single_red_center-d7ee2ceae7,v09_placement_camera_failure,fixed
object_red_01,RED,0.0,-0.25,0.0,,MISSING,MISSING_DETECTION,NO_FRAME,,FALSE,,,2,0.01,,,,0.0,-0.25,0.00784630379304961,,,TRUE,TRUE,FALSE,0.4969346033433373,,,0,,,v09_camera_failure,single_red_center-e07ce0dd9b,v09_camera_failure,fixed
object_red_01,RED,0.0,-0.25,0.0,1,RED,CORRECT,VALID,0.8666666666666667,FALSE,0.00047529305993195854,0.00014129479462710037,2,0.01,SAFE_FAILURE,RED,EXECUTION_FAILED_WITH_POSSIBLE_PAYLOAD,-0.24986675976355122,0.2106628489021502,0.011947033153746307,RED,RED:0,TRUE,TRUE,TRUE,0.002233849272776883,1,0,1571,38.4,0.00195517287,v10_release_actuator_failure,single_red_center-ef3f0d76a9,v10_release_actuator_failure,fixed
object_red_01,RED,0.0,-0.25,0.0,1,UNKNOWN,UNKNOWN_ABSTENTION,UNKNOWN,1.0,FALSE,0.0015376511266972084,0.00012691418198151894,2,0.01,SKIPPED_UNKNOWN,UNKNOWN,UNKNOWN_COLOR_CONFIRMED,0.0,-0.25,0.007864948599493023,,,TRUE,TRUE,FALSE,0.4969346033433373,0,0,0,,,v06_unknown_cyan,unknown_cyan_object-eb47d2d3d1,v06_unknown_cyan,fixed
object_red_01,RED,0.0,-0.25,0.0,1,UNKNOWN,UNKNOWN_ABSTENTION,OCCLUDED,1.0,FALSE,0.015619113420242999,0.00014248688752260819,2,0.01,,,,0.0,-0.25,0.007900670019429653,,,TRUE,TRUE,FALSE,0.4969346033433373,,,0,,,v06_unknown_gray,unknown_gray_object-d841798f3d,v06_unknown_gray,fixed
object_red_01,RED,0.0,-0.25,0.0,1,RED,CORRECT,VALID,0.8666666666666667,FALSE,0.00047529305993195854,0.00014129479462710037,2,0.01,SKIPPED_FULL_ZONE,RED,ZONE_CAPACITY_EXHAUSTED,0.0,-0.25,0.007838901686147594,,,TRUE,TRUE,FALSE,0.4969346033433373,0,0,0,,,v13_full_red_zone,zone_full_red-84e6073675,v13_full_red_zone,fixed
