experiment_id,variant_id,runs,test_passes,test_pass_rate,test_pass_rate_wilson_95_low,test_pass_rate_wilson_95_high,active_objects,correctly_sorted_objects,object_sort_rate,wrong_bin_count,forbidden_contact_episodes,joint_force_limit_violation_samples,median_simulation_time_s,median_wall_time_s,median_tcp_path_length_m,minimum_sampled_plan_clearance_lower_bound_m
V03_RANDOM_MIXED,nominal,30,21,0.7,0.5212421254128504,0.8333525173175619,90,73,0.8111111111111111,0,0,0,409.6050000012277,241.68570465000084,8.166120875829051,0.001250130875162056
V07_RGB_NOISE,sigma_0,10,10,1.0,0.7224672001371107,0.9999999999999999,10,10,1.0,0,0,0,163.380000000052,102.47290464999969,3.5709858205950145,0.0012523196230654898
V07_RGB_NOISE,sigma_4,10,10,1.0,0.7224672001371107,0.9999999999999999,10,10,1.0,0,0,0,163.380000000052,108.30319684999995,3.5709858205950145,0.0012523196230654898
V07_RGB_NOISE,sigma_8,10,10,1.0,0.7224672001371107,0.9999999999999999,10,10,1.0,0,0,0,163.38500000005203,114.4904067000025,3.5709858205950145,0.0012523196230654898
V10_GRIP_FRICTION,scale_0_001,10,10,1.0,0.7224672001371107,0.9999999999999999,10,0,0.0,0,0,0,45.92500000001016,50.45801429999847,0.9304463614596308,0.0012523196230654898
v01_blue,fixed,1,1,1.0,0.20654931437723745,1.0,1,1,1.0,0,0,0,115.92999999991122,69.46005960000184,2.0085125759022073,0.002999999999999968
v01_green,fixed,1,1,1.0,0.20654931437723745,1.0,1,1,1.0,0,0,0,138.7699999999345,102.15098279999802,2.9085383784026626,0.0012778116938133091
v01_red,fixed,1,1,1.0,0.20654931437723745,1.0,1,1,1.0,0,0,0,164.81000000005884,114.28497549999884,3.459506387838023,0.0012598833544725796
v02_two_per_color,fixed,1,0,0.0,0.0,0.7934506856227626,6,3,0.5,0,1,0,327.92000000083766,260.43423990000156,6.364854120410094,0.002999999999999975
v04_boundary_ne,fixed,1,1,1.0,0.20654931437723745,1.0,1,1,1.0,0,0,0,141.48999999994749,96.11788079999678,3.0800852572114583,0.0012691704600943793
v04_boundary_nw,fixed,1,1,1.0,0.20654931437723745,1.0,1,0,0.0,0,0,0,0.06000000000000004,1.2029097999984515,0.0002949377999999919,
v04_boundary_se,fixed,1,1,1.0,0.20654931437723745,1.0,1,1,1.0,0,0,0,124.23999999989185,79.8311229999963,2.6348065253514616,0.0012777122535933341
v04_boundary_sw,fixed,1,1,1.0,0.20654931437723745,1.0,1,1,1.0,0,0,0,157.4700000000238,128.36978159999853,3.6947745046251375,0.0012692023545024314
v05_blocked_plus_reachable,fixed,1,1,1.0,0.20654931437723745,1.0,4,1,0.25,0,0,0,157.74000000002508,149.91662660000293,3.5733869700528205,0.002999999999999993
v06_unknown_cyan,fixed,1,1,1.0,0.20654931437723745,1.0,1,0,0.0,0,0,0,0.04000000000000002,0.26586569999926724,0.0002949377999999919,
v06_unknown_gray,fixed,1,0,0.0,0.0,0.7934506856227626,1,0,0.0,0,0,0,0.06000000000000004,0.28802499999437714,0.0002949377999999919,
v07_calibration_bias,fixed,1,1,1.0,0.20654931437723745,1.0,1,1,1.0,0,0,0,167.8800000000735,160.20685619999858,3.5596422774751297,0.0012598787009914236
v07_light_high,fixed,1,0,0.0,0.0,0.7934506856227626,1,1,1.0,0,0,0,168.58000000007684,240.37065699999948,3.5685588018588295,0.0012598787009914236
v07_light_low,fixed,1,0,0.0,0.0,0.7934506856227626,1,1,1.0,0,0,0,168.58000000007684,207.74290050000127,3.5685588018588295,0.0012598787009914236
v08_adjacent_pair,fixed,1,1,1.0,0.20654931437723745,1.0,2,0,0.0,0,0,0,0.10000000000000007,11.000215799998841,0.0002967775999999922,
v09_camera_failure,fixed,1,1,1.0,0.20654931437723745,1.0,1,0,0.0,0,0,0,0.030000000000000013,0.1403811999989557,0.0,
v09_placement_camera_failure,fixed,1,0,0.0,0.0,0.7934506856227626,1,1,1.0,0,0,0,165.30000000006117,143.22099539999908,3.459506388638023,0.0012598833544725796
v09_stale_camera,fixed,1,1,1.0,0.20654931437723745,1.0,1,0,0.0,0,0,0,0.030000000000000013,0.15386489999946207,0.0,
v10_gripper_actuator_disabled,fixed,1,1,1.0,0.20654931437723745,1.0,1,0,0.0,0,0,0,38.620000000001234,55.91385150000133,0.8171751890157712,0.0012598833544725796
v10_payload_loss,fixed,1,1,1.0,0.20654931437723745,1.0,1,0,0.0,0,0,0,44.72000000000869,55.95107370000187,0.869952265978849,0.0012598833544725796
v10_release_actuator_failure,fixed,1,1,1.0,0.20654931437723745,1.0,1,1,1.0,0,0,0,107.42999999993103,91.09787720000168,2.374645257967771,0.0012598833544725796
v11_blocked_path,fixed,1,1,1.0,0.20654931437723745,1.0,3,0,0.0,0,0,0,0.06000000000000004,17.260101799998665,0.0002949377999999919,
v12_outer_left,fixed,1,1,1.0,0.20654931437723745,1.0,1,1,1.0,0,0,0,174.19000000010362,125.83847570000216,3.7353559237043563,0.0012660233712240565
v12_outer_right,fixed,1,1,1.0,0.20654931437723745,1.0,1,1,1.0,0,0,0,127.98999999988311,82.26981730000261,2.436731195908701,0.0029999999999999792
v13_empty_input,fixed,1,1,1.0,0.20654931437723745,1.0,0,0,,0,0,0,0.05000000000000003,0.1620660999979009,0.0002949377999999919,
v13_full_red_zone,fixed,1,1,1.0,0.20654931437723745,1.0,1,0,0.0,0,0,0,0.020000000000000004,0.16851740000129212,0.0,
v14_repeat_seed_20261001,fixed,1,1,1.0,0.20654931437723745,1.0,3,3,1.0,0,0,0,410.2600000012308,295.46231989999796,8.545125186954001,0.001260763801432807
v15_emergency_stop_after_hold,fixed,1,1,1.0,0.20654931437723745,1.0,1,0,0.0,0,0,0,44.72000000000869,76.69447450000007,0.8694036872787736,0.0012598833544725796
