comparison,seed,control_trial_id,test_trial_id,control_test_pass,test_test_pass,test_pass_difference,control_sorted_objects,test_sorted_objects,sorted_object_difference,control_final_state,test_final_state
rgb_noise_sigma_4,20261001,V07_RGB_NOISE__sigma_0__20261001,V07_RGB_NOISE__sigma_4__20261001,TRUE,TRUE,0,1,1,0,DONE,DONE
rgb_noise_sigma_4,20261002,V07_RGB_NOISE__sigma_0__20261002,V07_RGB_NOISE__sigma_4__20261002,TRUE,TRUE,0,1,1,0,DONE,DONE
rgb_noise_sigma_4,20261003,V07_RGB_NOISE__sigma_0__20261003,V07_RGB_NOISE__sigma_4__20261003,TRUE,TRUE,0,1,1,0,DONE,DONE
rgb_noise_sigma_4,20261004,V07_RGB_NOISE__sigma_0__20261004,V07_RGB_NOISE__sigma_4__20261004,TRUE,TRUE,0,1,1,0,DONE,DONE
rgb_noise_sigma_4,20261005,V07_RGB_NOISE__sigma_0__20261005,V07_RGB_NOISE__sigma_4__20261005,TRUE,TRUE,0,1,1,0,DONE,DONE
rgb_noise_sigma_4,20261006,V07_RGB_NOISE__sigma_0__20261006,V07_RGB_NOISE__sigma_4__20261006,TRUE,TRUE,0,1,1,0,DONE,DONE
rgb_noise_sigma_4,20261007,V07_RGB_NOISE__sigma_0__20261007,V07_RGB_NOISE__sigma_4__20261007,TRUE,TRUE,0,1,1,0,DONE,DONE
rgb_noise_sigma_4,20261008,V07_RGB_NOISE__sigma_0__20261008,V07_RGB_NOISE__sigma_4__20261008,TRUE,TRUE,0,1,1,0,DONE,DONE
rgb_noise_sigma_4,20261009,V07_RGB_NOISE__sigma_0__20261009,V07_RGB_NOISE__sigma_4__20261009,TRUE,TRUE,0,1,1,0,DONE,DONE
rgb_noise_sigma_4,20261010,V07_RGB_NOISE__sigma_0__20261010,V07_RGB_NOISE__sigma_4__20261010,TRUE,TRUE,0,1,1,0,DONE,DONE
rgb_noise_sigma_8,20261001,V07_RGB_NOISE__sigma_0__20261001,V07_RGB_NOISE__sigma_8__20261001,TRUE,TRUE,0,1,1,0,DONE,DONE
rgb_noise_sigma_8,20261002,V07_RGB_NOISE__sigma_0__20261002,V07_RGB_NOISE__sigma_8__20261002,TRUE,TRUE,0,1,1,0,DONE,DONE
rgb_noise_sigma_8,20261003,V07_RGB_NOISE__sigma_0__20261003,V07_RGB_NOISE__sigma_8__20261003,TRUE,TRUE,0,1,1,0,DONE,DONE
rgb_noise_sigma_8,20261004,V07_RGB_NOISE__sigma_0__20261004,V07_RGB_NOISE__sigma_8__20261004,TRUE,TRUE,0,1,1,0,DONE,DONE
rgb_noise_sigma_8,20261005,V07_RGB_NOISE__sigma_0__20261005,V07_RGB_NOISE__sigma_8__20261005,TRUE,TRUE,0,1,1,0,DONE,DONE
rgb_noise_sigma_8,20261006,V07_RGB_NOISE__sigma_0__20261006,V07_RGB_NOISE__sigma_8__20261006,TRUE,TRUE,0,1,1,0,DONE,DONE
rgb_noise_sigma_8,20261007,V07_RGB_NOISE__sigma_0__20261007,V07_RGB_NOISE__sigma_8__20261007,TRUE,TRUE,0,1,1,0,DONE,DONE
rgb_noise_sigma_8,20261008,V07_RGB_NOISE__sigma_0__20261008,V07_RGB_NOISE__sigma_8__20261008,TRUE,TRUE,0,1,1,0,DONE,DONE
rgb_noise_sigma_8,20261009,V07_RGB_NOISE__sigma_0__20261009,V07_RGB_NOISE__sigma_8__20261009,TRUE,TRUE,0,1,1,0,DONE,DONE
rgb_noise_sigma_8,20261010,V07_RGB_NOISE__sigma_0__20261010,V07_RGB_NOISE__sigma_8__20261010,TRUE,TRUE,0,1,1,0,DONE,DONE
gripper_friction_scale_0_001,20261001,V07_RGB_NOISE__sigma_0__20261001,V10_GRIP_FRICTION__scale_0_001__20261001,TRUE,TRUE,0,1,0,-1,DONE,SAFE_STOP
gripper_friction_scale_0_001,20261002,V07_RGB_NOISE__sigma_0__20261002,V10_GRIP_FRICTION__scale_0_001__20261002,TRUE,TRUE,0,1,0,-1,DONE,SAFE_STOP
gripper_friction_scale_0_001,20261003,V07_RGB_NOISE__sigma_0__20261003,V10_GRIP_FRICTION__scale_0_001__20261003,TRUE,TRUE,0,1,0,-1,DONE,SAFE_STOP
gripper_friction_scale_0_001,20261004,V07_RGB_NOISE__sigma_0__20261004,V10_GRIP_FRICTION__scale_0_001__20261004,TRUE,TRUE,0,1,0,-1,DONE,SAFE_STOP
gripper_friction_scale_0_001,20261005,V07_RGB_NOISE__sigma_0__20261005,V10_GRIP_FRICTION__scale_0_001__20261005,TRUE,TRUE,0,1,0,-1,DONE,SAFE_STOP
gripper_friction_scale_0_001,20261006,V07_RGB_NOISE__sigma_0__20261006,V10_GRIP_FRICTION__scale_0_001__20261006,TRUE,TRUE,0,1,0,-1,DONE,SAFE_STOP
gripper_friction_scale_0_001,20261007,V07_RGB_NOISE__sigma_0__20261007,V10_GRIP_FRICTION__scale_0_001__20261007,TRUE,TRUE,0,1,0,-1,DONE,SAFE_STOP
gripper_friction_scale_0_001,20261008,V07_RGB_NOISE__sigma_0__20261008,V10_GRIP_FRICTION__scale_0_001__20261008,TRUE,TRUE,0,1,0,-1,DONE,SAFE_STOP
gripper_friction_scale_0_001,20261009,V07_RGB_NOISE__sigma_0__20261009,V10_GRIP_FRICTION__scale_0_001__20261009,TRUE,TRUE,0,1,0,-1,DONE,SAFE_STOP
gripper_friction_scale_0_001,20261010,V07_RGB_NOISE__sigma_0__20261010,V10_GRIP_FRICTION__scale_0_001__20261010,TRUE,TRUE,0,1,0,-1,DONE,SAFE_STOP
