experiment_id,variant_id,ground_truth,prediction,count
V03_RANDOM_MIXED,nominal,BLUE,BLUE,30
V03_RANDOM_MIXED,nominal,GREEN,GREEN,30
V03_RANDOM_MIXED,nominal,RED,RED,30
V07_RGB_NOISE,sigma_0,RED,RED,10
V07_RGB_NOISE,sigma_4,RED,RED,10
V07_RGB_NOISE,sigma_8,RED,RED,10
V10_GRIP_FRICTION,scale_0_001,RED,RED,10
v01_blue,fixed,BLUE,BLUE,1
v01_green,fixed,GREEN,GREEN,1
v01_red,fixed,RED,RED,1
v02_two_per_color,fixed,BLUE,BLUE,2
v02_two_per_color,fixed,GREEN,GREEN,2
v02_two_per_color,fixed,RED,RED,2
v04_boundary_ne,fixed,RED,RED,1
v04_boundary_nw,fixed,BLUE,BLUE,1
v04_boundary_se,fixed,GREEN,GREEN,1
v04_boundary_sw,fixed,RED,RED,1
v05_blocked_plus_reachable,fixed,BLUE,UNKNOWN,1
v05_blocked_plus_reachable,fixed,GREEN,GREEN,1
v05_blocked_plus_reachable,fixed,RED,RED,1
v05_blocked_plus_reachable,fixed,RED,UNKNOWN,1
v06_unknown_cyan,fixed,RED,UNKNOWN,1
v06_unknown_gray,fixed,RED,UNKNOWN,1
v07_calibration_bias,fixed,RED,RED,1
v07_light_high,fixed,RED,RED,1
v07_light_low,fixed,RED,RED,1
v08_adjacent_pair,fixed,GREEN,GREEN,1
v08_adjacent_pair,fixed,RED,RED,1
v09_camera_failure,fixed,RED,MISSING,1
v09_placement_camera_failure,fixed,RED,RED,1
v09_stale_camera,fixed,RED,MISSING,1
v10_gripper_actuator_disabled,fixed,RED,RED,1
v10_payload_loss,fixed,RED,RED,1
v10_release_actuator_failure,fixed,RED,RED,1
v11_blocked_path,fixed,BLUE,UNKNOWN,1
v11_blocked_path,fixed,GREEN,GREEN,1
v11_blocked_path,fixed,RED,UNKNOWN,1
v12_outer_left,fixed,RED,RED,1
v12_outer_right,fixed,GREEN,GREEN,1
v13_full_red_zone,fixed,RED,RED,1
v14_repeat_seed_20261001,fixed,BLUE,BLUE,1
v14_repeat_seed_20261001,fixed,GREEN,GREEN,1
v14_repeat_seed_20261001,fixed,RED,RED,1
v15_emergency_stop_after_hold,fixed,RED,RED,1
