trial_id,scenario_families,experiment_id,variant_id,scenario_id,seed,expected_kind,expected_reason,expected_track_status,expected_failure_reason,expected_object_outcomes,required_perception_checks,parameters,paired_control
V03_RANDOM_MIXED__nominal__20261001,V02;V03;V14-control,V03_RANDOM_MIXED,nominal,m9_random_mixed_three,20261001,sort_all,,,,{},{},{},
V03_RANDOM_MIXED__nominal__20261002,V02;V03;V14-control,V03_RANDOM_MIXED,nominal,m9_random_mixed_three,20261002,sort_all,,,,{},{},{},
V03_RANDOM_MIXED__nominal__20261003,V02;V03;V14-control,V03_RANDOM_MIXED,nominal,m9_random_mixed_three,20261003,sort_all,,,,{},{},{},
V03_RANDOM_MIXED__nominal__20261004,V02;V03;V14-control,V03_RANDOM_MIXED,nominal,m9_random_mixed_three,20261004,sort_all,,,,{},{},{},
V03_RANDOM_MIXED__nominal__20261005,V02;V03;V14-control,V03_RANDOM_MIXED,nominal,m9_random_mixed_three,20261005,sort_all,,,,{},{},{},
V03_RANDOM_MIXED__nominal__20261006,V02;V03;V14-control,V03_RANDOM_MIXED,nominal,m9_random_mixed_three,20261006,sort_all,,,,{},{},{},
V03_RANDOM_MIXED__nominal__20261007,V02;V03;V14-control,V03_RANDOM_MIXED,nominal,m9_random_mixed_three,20261007,sort_all,,,,{},{},{},
V03_RANDOM_MIXED__nominal__20261008,V02;V03;V14-control,V03_RANDOM_MIXED,nominal,m9_random_mixed_three,20261008,sort_all,,,,{},{},{},
V03_RANDOM_MIXED__nominal__20261009,V02;V03;V14-control,V03_RANDOM_MIXED,nominal,m9_random_mixed_three,20261009,sort_all,,,,{},{},{},
V03_RANDOM_MIXED__nominal__20261010,V02;V03;V14-control,V03_RANDOM_MIXED,nominal,m9_random_mixed_three,20261010,sort_all,,,,{},{},{},
V03_RANDOM_MIXED__nominal__20261011,V02;V03;V14-control,V03_RANDOM_MIXED,nominal,m9_random_mixed_three,20261011,sort_all,,,,{},{},{},
V03_RANDOM_MIXED__nominal__20261012,V02;V03;V14-control,V03_RANDOM_MIXED,nominal,m9_random_mixed_three,20261012,sort_all,,,,{},{},{},
V03_RANDOM_MIXED__nominal__20261013,V02;V03;V14-control,V03_RANDOM_MIXED,nominal,m9_random_mixed_three,20261013,sort_all,,,,{},{},{},
V03_RANDOM_MIXED__nominal__20261014,V02;V03;V14-control,V03_RANDOM_MIXED,nominal,m9_random_mixed_three,20261014,sort_all,,,,{},{},{},
V03_RANDOM_MIXED__nominal__20261015,V02;V03;V14-control,V03_RANDOM_MIXED,nominal,m9_random_mixed_three,20261015,sort_all,,,,{},{},{},
V03_RANDOM_MIXED__nominal__20261016,V02;V03;V14-control,V03_RANDOM_MIXED,nominal,m9_random_mixed_three,20261016,sort_all,,,,{},{},{},
V03_RANDOM_MIXED__nominal__20261017,V02;V03;V14-control,V03_RANDOM_MIXED,nominal,m9_random_mixed_three,20261017,sort_all,,,,{},{},{},
V03_RANDOM_MIXED__nominal__20261018,V02;V03;V14-control,V03_RANDOM_MIXED,nominal,m9_random_mixed_three,20261018,sort_all,,,,{},{},{},
V03_RANDOM_MIXED__nominal__20261019,V02;V03;V14-control,V03_RANDOM_MIXED,nominal,m9_random_mixed_three,20261019,sort_all,,,,{},{},{},
V03_RANDOM_MIXED__nominal__20261020,V02;V03;V14-control,V03_RANDOM_MIXED,nominal,m9_random_mixed_three,20261020,sort_all,,,,{},{},{},
V03_RANDOM_MIXED__nominal__20261021,V02;V03;V14-control,V03_RANDOM_MIXED,nominal,m9_random_mixed_three,20261021,sort_all,,,,{},{},{},
V03_RANDOM_MIXED__nominal__20261022,V02;V03;V14-control,V03_RANDOM_MIXED,nominal,m9_random_mixed_three,20261022,sort_all,,,,{},{},{},
V03_RANDOM_MIXED__nominal__20261023,V02;V03;V14-control,V03_RANDOM_MIXED,nominal,m9_random_mixed_three,20261023,sort_all,,,,{},{},{},
V03_RANDOM_MIXED__nominal__20261024,V02;V03;V14-control,V03_RANDOM_MIXED,nominal,m9_random_mixed_three,20261024,sort_all,,,,{},{},{},
V03_RANDOM_MIXED__nominal__20261025,V02;V03;V14-control,V03_RANDOM_MIXED,nominal,m9_random_mixed_three,20261025,sort_all,,,,{},{},{},
V03_RANDOM_MIXED__nominal__20261026,V02;V03;V14-control,V03_RANDOM_MIXED,nominal,m9_random_mixed_three,20261026,sort_all,,,,{},{},{},
V03_RANDOM_MIXED__nominal__20261027,V02;V03;V14-control,V03_RANDOM_MIXED,nominal,m9_random_mixed_three,20261027,sort_all,,,,{},{},{},
V03_RANDOM_MIXED__nominal__20261028,V02;V03;V14-control,V03_RANDOM_MIXED,nominal,m9_random_mixed_three,20261028,sort_all,,,,{},{},{},
V03_RANDOM_MIXED__nominal__20261029,V02;V03;V14-control,V03_RANDOM_MIXED,nominal,m9_random_mixed_three,20261029,sort_all,,,,{},{},{},
V03_RANDOM_MIXED__nominal__20261030,V02;V03;V14-control,V03_RANDOM_MIXED,nominal,m9_random_mixed_three,20261030,sort_all,,,,{},{},{},
V07_RGB_NOISE__sigma_0__20261001,V07-control;V10-friction-control,V07_RGB_NOISE,sigma_0,m9_random_red_one,20261001,sort_all,,,,{},{},"{""rgb_noise_sigma"":0.0}",
V07_RGB_NOISE__sigma_0__20261002,V07-control;V10-friction-control,V07_RGB_NOISE,sigma_0,m9_random_red_one,20261002,sort_all,,,,{},{},"{""rgb_noise_sigma"":0.0}",
V07_RGB_NOISE__sigma_0__20261003,V07-control;V10-friction-control,V07_RGB_NOISE,sigma_0,m9_random_red_one,20261003,sort_all,,,,{},{},"{""rgb_noise_sigma"":0.0}",
V07_RGB_NOISE__sigma_0__20261004,V07-control;V10-friction-control,V07_RGB_NOISE,sigma_0,m9_random_red_one,20261004,sort_all,,,,{},{},"{""rgb_noise_sigma"":0.0}",
V07_RGB_NOISE__sigma_0__20261005,V07-control;V10-friction-control,V07_RGB_NOISE,sigma_0,m9_random_red_one,20261005,sort_all,,,,{},{},"{""rgb_noise_sigma"":0.0}",
V07_RGB_NOISE__sigma_0__20261006,V07-control;V10-friction-control,V07_RGB_NOISE,sigma_0,m9_random_red_one,20261006,sort_all,,,,{},{},"{""rgb_noise_sigma"":0.0}",
V07_RGB_NOISE__sigma_0__20261007,V07-control;V10-friction-control,V07_RGB_NOISE,sigma_0,m9_random_red_one,20261007,sort_all,,,,{},{},"{""rgb_noise_sigma"":0.0}",
V07_RGB_NOISE__sigma_0__20261008,V07-control;V10-friction-control,V07_RGB_NOISE,sigma_0,m9_random_red_one,20261008,sort_all,,,,{},{},"{""rgb_noise_sigma"":0.0}",
V07_RGB_NOISE__sigma_0__20261009,V07-control;V10-friction-control,V07_RGB_NOISE,sigma_0,m9_random_red_one,20261009,sort_all,,,,{},{},"{""rgb_noise_sigma"":0.0}",
V07_RGB_NOISE__sigma_0__20261010,V07-control;V10-friction-control,V07_RGB_NOISE,sigma_0,m9_random_red_one,20261010,sort_all,,,,{},{},"{""rgb_noise_sigma"":0.0}",
V07_RGB_NOISE__sigma_4__20261001,V07-noise,V07_RGB_NOISE,sigma_4,m9_random_red_one,20261001,safe_completion,,,,{},{},"{""rgb_noise_sigma"":4.0}",
V07_RGB_NOISE__sigma_4__20261002,V07-noise,V07_RGB_NOISE,sigma_4,m9_random_red_one,20261002,safe_completion,,,,{},{},"{""rgb_noise_sigma"":4.0}",
V07_RGB_NOISE__sigma_4__20261003,V07-noise,V07_RGB_NOISE,sigma_4,m9_random_red_one,20261003,safe_completion,,,,{},{},"{""rgb_noise_sigma"":4.0}",
V07_RGB_NOISE__sigma_4__20261004,V07-noise,V07_RGB_NOISE,sigma_4,m9_random_red_one,20261004,safe_completion,,,,{},{},"{""rgb_noise_sigma"":4.0}",
V07_RGB_NOISE__sigma_4__20261005,V07-noise,V07_RGB_NOISE,sigma_4,m9_random_red_one,20261005,safe_completion,,,,{},{},"{""rgb_noise_sigma"":4.0}",
V07_RGB_NOISE__sigma_4__20261006,V07-noise,V07_RGB_NOISE,sigma_4,m9_random_red_one,20261006,safe_completion,,,,{},{},"{""rgb_noise_sigma"":4.0}",
V07_RGB_NOISE__sigma_4__20261007,V07-noise,V07_RGB_NOISE,sigma_4,m9_random_red_one,20261007,safe_completion,,,,{},{},"{""rgb_noise_sigma"":4.0}",
V07_RGB_NOISE__sigma_4__20261008,V07-noise,V07_RGB_NOISE,sigma_4,m9_random_red_one,20261008,safe_completion,,,,{},{},"{""rgb_noise_sigma"":4.0}",
V07_RGB_NOISE__sigma_4__20261009,V07-noise,V07_RGB_NOISE,sigma_4,m9_random_red_one,20261009,safe_completion,,,,{},{},"{""rgb_noise_sigma"":4.0}",
V07_RGB_NOISE__sigma_4__20261010,V07-noise,V07_RGB_NOISE,sigma_4,m9_random_red_one,20261010,safe_completion,,,,{},{},"{""rgb_noise_sigma"":4.0}",
V07_RGB_NOISE__sigma_8__20261001,V07-noise,V07_RGB_NOISE,sigma_8,m9_random_red_one,20261001,safe_completion,,,,{},{},"{""rgb_noise_sigma"":8.0}",
V07_RGB_NOISE__sigma_8__20261002,V07-noise,V07_RGB_NOISE,sigma_8,m9_random_red_one,20261002,safe_completion,,,,{},{},"{""rgb_noise_sigma"":8.0}",
V07_RGB_NOISE__sigma_8__20261003,V07-noise,V07_RGB_NOISE,sigma_8,m9_random_red_one,20261003,safe_completion,,,,{},{},"{""rgb_noise_sigma"":8.0}",
V07_RGB_NOISE__sigma_8__20261004,V07-noise,V07_RGB_NOISE,sigma_8,m9_random_red_one,20261004,safe_completion,,,,{},{},"{""rgb_noise_sigma"":8.0}",
V07_RGB_NOISE__sigma_8__20261005,V07-noise,V07_RGB_NOISE,sigma_8,m9_random_red_one,20261005,safe_completion,,,,{},{},"{""rgb_noise_sigma"":8.0}",
V07_RGB_NOISE__sigma_8__20261006,V07-noise,V07_RGB_NOISE,sigma_8,m9_random_red_one,20261006,safe_completion,,,,{},{},"{""rgb_noise_sigma"":8.0}",
V07_RGB_NOISE__sigma_8__20261007,V07-noise,V07_RGB_NOISE,sigma_8,m9_random_red_one,20261007,safe_completion,,,,{},{},"{""rgb_noise_sigma"":8.0}",
V07_RGB_NOISE__sigma_8__20261008,V07-noise,V07_RGB_NOISE,sigma_8,m9_random_red_one,20261008,safe_completion,,,,{},{},"{""rgb_noise_sigma"":8.0}",
V07_RGB_NOISE__sigma_8__20261009,V07-noise,V07_RGB_NOISE,sigma_8,m9_random_red_one,20261009,safe_completion,,,,{},{},"{""rgb_noise_sigma"":8.0}",
V07_RGB_NOISE__sigma_8__20261010,V07-noise,V07_RGB_NOISE,sigma_8,m9_random_red_one,20261010,safe_completion,,,,{},{},"{""rgb_noise_sigma"":8.0}",
V10_GRIP_FRICTION__scale_0_001__20261001,V10-friction,V10_GRIP_FRICTION,scale_0_001,m9_random_red_one,20261001,contained_fault,,,,{},{},"{""gripper_friction_scale"":0.001}","{""experiment_id"":""V07_RGB_NOISE"",""variant_id"":""sigma_0""}"
V10_GRIP_FRICTION__scale_0_001__20261002,V10-friction,V10_GRIP_FRICTION,scale_0_001,m9_random_red_one,20261002,contained_fault,,,,{},{},"{""gripper_friction_scale"":0.001}","{""experiment_id"":""V07_RGB_NOISE"",""variant_id"":""sigma_0""}"
V10_GRIP_FRICTION__scale_0_001__20261003,V10-friction,V10_GRIP_FRICTION,scale_0_001,m9_random_red_one,20261003,contained_fault,,,,{},{},"{""gripper_friction_scale"":0.001}","{""experiment_id"":""V07_RGB_NOISE"",""variant_id"":""sigma_0""}"
V10_GRIP_FRICTION__scale_0_001__20261004,V10-friction,V10_GRIP_FRICTION,scale_0_001,m9_random_red_one,20261004,contained_fault,,,,{},{},"{""gripper_friction_scale"":0.001}","{""experiment_id"":""V07_RGB_NOISE"",""variant_id"":""sigma_0""}"
V10_GRIP_FRICTION__scale_0_001__20261005,V10-friction,V10_GRIP_FRICTION,scale_0_001,m9_random_red_one,20261005,contained_fault,,,,{},{},"{""gripper_friction_scale"":0.001}","{""experiment_id"":""V07_RGB_NOISE"",""variant_id"":""sigma_0""}"
V10_GRIP_FRICTION__scale_0_001__20261006,V10-friction,V10_GRIP_FRICTION,scale_0_001,m9_random_red_one,20261006,contained_fault,,,,{},{},"{""gripper_friction_scale"":0.001}","{""experiment_id"":""V07_RGB_NOISE"",""variant_id"":""sigma_0""}"
V10_GRIP_FRICTION__scale_0_001__20261007,V10-friction,V10_GRIP_FRICTION,scale_0_001,m9_random_red_one,20261007,contained_fault,,,,{},{},"{""gripper_friction_scale"":0.001}","{""experiment_id"":""V07_RGB_NOISE"",""variant_id"":""sigma_0""}"
V10_GRIP_FRICTION__scale_0_001__20261008,V10-friction,V10_GRIP_FRICTION,scale_0_001,m9_random_red_one,20261008,contained_fault,,,,{},{},"{""gripper_friction_scale"":0.001}","{""experiment_id"":""V07_RGB_NOISE"",""variant_id"":""sigma_0""}"
V10_GRIP_FRICTION__scale_0_001__20261009,V10-friction,V10_GRIP_FRICTION,scale_0_001,m9_random_red_one,20261009,contained_fault,,,,{},{},"{""gripper_friction_scale"":0.001}","{""experiment_id"":""V07_RGB_NOISE"",""variant_id"":""sigma_0""}"
V10_GRIP_FRICTION__scale_0_001__20261010,V10-friction,V10_GRIP_FRICTION,scale_0_001,m9_random_red_one,20261010,contained_fault,,,,{},{},"{""gripper_friction_scale"":0.001}","{""experiment_id"":""V07_RGB_NOISE"",""variant_id"":""sigma_0""}"
v01_red,V01,v01_red,fixed,single_red_center,,sort_all,,,,{},{},{},
v01_green,V01,v01_green,fixed,single_green_left,,sort_all,,,,{},{},{},
v01_blue,V01,v01_blue,fixed,single_blue_right,,sort_all,,,,{},{},{},
v02_two_per_color,V02,v02_two_per_color,fixed,m9_six_object_grid,20261040,sort_all,,,,{},{},{},
v04_boundary_sw,V04;V12,v04_boundary_sw,fixed,m9_boundary_sw,20261051,safe_completion,,,,{},{},{},
v04_boundary_se,V04;V12,v04_boundary_se,fixed,m9_boundary_se,20261052,safe_completion,,,,{},{},{},
v04_boundary_nw,V04;V12,v04_boundary_nw,fixed,m9_boundary_nw,20261053,safe_completion,,,,{},{},{},
v04_boundary_ne,V04;V12,v04_boundary_ne,fixed,m9_boundary_ne,20261054,safe_completion,,,,{},{},{},
v12_outer_left,V12,v12_outer_left,fixed,m9_outer_left,20261057,safe_completion,,,,{},{},{},
v12_outer_right,V12,v12_outer_right,fixed,m9_outer_right,20261058,safe_completion,,,,{},{},{},
v05_blocked_plus_reachable,V05;V11;SORT-007,v05_blocked_plus_reachable,fixed,m9_blocked_plus_reachable,20261056,mixed_partial,,,,"{""object_blue_01"":""SKIPPED_UNKNOWN"",""object_green_01"":""SKIPPED_UNREACHABLE"",""object_red_01"":""SKIPPED_UNKNOWN"",""object_red_02"":""SORTED""}",{},{},
v06_unknown_cyan,V06,v06_unknown_cyan,fixed,unknown_cyan_object,,safe_skip,,SKIPPED_UNKNOWN,UNKNOWN_COLOR_CONFIRMED,{},{},{},
v06_unknown_gray,V06,v06_unknown_gray,fixed,unknown_gray_object,,safe_skip,,SKIPPED_UNKNOWN,UNKNOWN_COLOR_CONFIRMED,{},{},{},
v07_light_low,V07-light,v07_light_low,fixed,m9_random_red_one,20261001,safe_completion,,,,{},{},"{""lighting_scale"":0.7}",
v07_light_high,V07-light,v07_light_high,fixed,m9_random_red_one,20261001,safe_completion,,,,{},{},"{""lighting_scale"":1.3}",
v07_calibration_bias,V07-calibration,v07_calibration_bias,fixed,m9_random_red_one,20261001,safe_completion,,,,{},{},"{""calibration_bias_x_m"":0.002,""calibration_bias_y_m"":-0.002}",
v08_adjacent_pair,V08,v08_adjacent_pair,fixed,m9_adjacent_pair,20261055,safe_skip,,SKIPPED_UNREACHABLE,BRANCH_DISCONTINUITY,"{""object_green_01"":""SKIPPED_UNREACHABLE"",""object_red_01"":""SKIPPED_UNREACHABLE""}","{""first_frame_correct_classification_count"":2,""first_frame_detection_count"":2,""first_frame_merged_candidate_split_count"":2}",{},
v09_camera_failure,V09,v09_camera_failure,fixed,single_red_center,,safe_stop,CAMERA_FAILURE_LIMIT,,,{},{},"{""camera_failure"":true}",
v09_stale_camera,V09,v09_stale_camera,fixed,single_red_center,,safe_stop,CAMERA_FAILURE_LIMIT,,,{},{},"{""stale_camera_age_s"":1.0}",
v09_placement_camera_failure,V09,v09_placement_camera_failure,fixed,single_red_center,,safe_stop_no_false_confirmation,,,,{},{},"{""placement_camera_failure_at_verify"":true}",
v10_gripper_actuator_disabled,V10,v10_gripper_actuator_disabled,fixed,single_red_center,,contained_fault,,,,{},{},"{""disable_gripper_actuator"":true}",
v10_payload_loss,V10,v10_payload_loss,fixed,single_red_center,,contained_fault,,,,{},{},"{""payload_loss_after_hold"":true,""payload_loss_impulse_ns"":0.12}",
v10_release_actuator_failure,V10,v10_release_actuator_failure,fixed,single_red_center,,safe_stop_no_false_confirmation,,,,{},{},"{""release_actuator_failure"":true}",
v11_blocked_path,V11;SAFE-003,v11_blocked_path,fixed,blocked_grasp_route,,safe_skip,,,,"{""object_blue_01"":""SKIPPED_UNKNOWN"",""object_green_01"":""SKIPPED_UNREACHABLE"",""object_red_01"":""SKIPPED_UNKNOWN""}",{},{},
v13_full_red_zone,V13;SORT-002;SORT-006,v13_full_red_zone,fixed,zone_full_red,,safe_skip,,SKIPPED_FULL_ZONE,ZONE_CAPACITY_EXHAUSTED,{},{},{},
v13_empty_input,V13;SORT-006,v13_empty_input,fixed,m9_empty_input,20261050,no_task,,,,{},{},{},
v14_repeat_seed_20261001,V14-repeat,v14_repeat_seed_20261001,fixed,m9_random_mixed_three,20261001,sort_all,,,,{},{},{},
v15_emergency_stop_after_hold,V15;SAFE-005,v15_emergency_stop_after_hold,fixed,single_red_center,,safe_stop_no_false_confirmation,,,,{},{},"{""emergency_stop_after_hold"":true}",
