Серия,Прогоны,Ожидаемый_исход,Активные_объекты,Верно_размещено,Неверная_зона,Запрещенные_контакты,Интерпретация
V01 фиксированные цвета,3,3/3,3,3,0,0,"Три фиксированные сцены; конкретная демонстрация, не общая статистика."
V02 по два объекта каждого цвета,1,0/1,6,3,0,1,Неудачная партия; один запрещенный контакт и безопасная остановка.
V03 случайные смешанные партии,30,21/30,90,73,0,0,Основной критерий 27/30 не достигнут.
V07 RGB noise 0,10,10/10,10,10,0,0,Парная выборка n=10; показатель ограничен зарегистрированными условиями.
V07 RGB noise 4,10,10/10,10,10,0,0,Парная выборка n=10; показатель ограничен зарегистрированными условиями.
V07 RGB noise 8,10,10/10,10,10,0,0,Парная выборка n=10; показатель ограничен зарегистрированными условиями.
V10 низкое трение захвата,10,10/10,10,0,0,0,Прохождение ожидаемого безопасного исхода не равно сортировке.
V14 повторяемость,1,1/1,3,3,0,0,Один повторный seed; 14 сопоставлений функциональных данных.
V06 серый неизвестный цвет,1,0/1,1,0,0,0,Негативный/стрессовый исход; трактовать по индивидуальному критерию и журналу.
V07 низкая освещенность,1,0/1,1,1,0,0,Негативный/стрессовый исход; трактовать по индивидуальному критерию и журналу.
V07 высокая освещенность,1,0/1,1,1,0,0,Негативный/стрессовый исход; трактовать по индивидуальному критерию и журналу.
V08 близкая пара,1,1/1,2,0,0,0,Негативный/стрессовый исход; трактовать по индивидуальному критерию и журналу.
V09 отказ placement-камеры,1,0/1,1,1,0,0,Негативный/стрессовый исход; трактовать по индивидуальному критерию и журналу.
