absolute_error,api,bilateral_object_finger_contact_during_close,bilateral_object_finger_contact_during_lift,bytes,channel_order,criterion,decoded_frame_count,decoded_size,dtype,duration_s,expected_negative_case,ffmpeg,file,fps,frame_file,frame_shape_h_w_channels,friction_coefficient,full_decode_completed,held_fraction_of_last_lift_window,initial_lift_joint_qpos_m,joint,kind,left_contact_lift_steps,lift_joint_final_qpos_m,limit,max_finger_actuator_force_N,max_simultaneous_contact_pairs,model,model_equality_constraints_count,no_attach_or_weld_constraint,object_floor_contact_observed_after_release,object_left_finger_contact_at_end,object_lift_gain_m,object_right_finger_contact_at_end,object_vertical_velocity_after_release_m_s,object_weld_constraint_count,object_z_after_close_m,object_z_after_lift_m,object_z_after_release_m,object_z_after_settle_m,observed,one_actuated_gripper_coordinate,protocol_verdict,recorded_frames,red_dominant_pixels,render_mode,right_contact_lift_steps,settle_peak_to_peak_last_0_1s,simulated_seconds_per_wall_second,simulation_duration_s,simulation_seconds,simulation_to_wall_ratio,status,symmetric_finger_mimic_constraint_count,symmetric_finger_position_error_m,target,test,timestep_s,trial,velocity,video_file,wall_seconds,within_limits
0.001114715995865767,,,,,,"target error, joint limits, low final velocity and bounded terminal variation",,,,,,,,,,,,,,,probe_hinge,revolute,,,"[-1.0, 1.0]",,,revolute_probe.xml,,,,,,,,,,,,,0.5488852840041343,,,,,,,0.0009473590958360978,344.89894953981536,,1.0,,PASS,,,0.55,revolute,,,0.007040535111607184,,0.00289939995855093,True
2.702946333837941e-07,,,,,,"target error, joint limits, low final velocity and bounded terminal variation",,,,,,,,,,,,,,,probe_slide,prismatic,,,"[0.0, 0.15]",,,prismatic_probe.xml,,,,,,,,,,,,,0.11999972970536661,,,,,,,7.051417450498754e-07,621.813243810848,,1.0,,PASS,,,0.12,prismatic,,,3.5864418844283424e-06,,0.001608199905604124,True
,"mujoco.Renderer.update_scene(..., camera='overhead').render()",,,,RGB as returned by MuJoCo Renderer,"640x480 uint8 RGB array, rendered object detected by RGB channel ordering, frame saved",,,uint8,,,,,,results\rgb_camera_frame.png,"[480, 640, 3]",,,,,,,,,,,,,,,,,,,,,,,,,,,,,1517,"offscreen OpenGL, no visible GUI window",,,,,,,PASS,,,,rgb_camera,,,,,0.0057342000072821975,
,,True,True,,,"one actuated gripper coordinate drives mechanically coupled fingers; bilateral physical contact, object rises >=45 mm and stays held in the terminal lift window; opening releases it to the floor; no object weld/attach constraint",,,,,,,,,,,0.9,,1.0,-0.000348430724879317,,,592,0.08489879788895827,,5.0,12,,1,True,True,False,0.07745838429072954,False,-1.678772123635409e-16,0,0.01999850630230147,0.09745689371499808,0.019998509424268573,0.019998509424268535,,True,,95,,,592,,,3.75,,1.1893302047620296,PASS,1,2.048844974965791e-12,,grasp_baseline,0.002,baseline,,results\gripper_contact_probe.mp4,3.1530351999681443,
,,True,True,,,"one actuated gripper coordinate drives mechanically coupled fingers; bilateral physical contact, object rises >=45 mm and stays held in the terminal lift window; opening releases it to the floor; no object weld/attach constraint",,,,,,,,,,,0.9,,1.0,-0.000348430724879317,,,592,0.08489879788893982,,5.0,12,,1,True,True,False,0.07745838429072954,False,-1.747000348384756e-16,0,0.01999850630230147,0.09745689371499808,0.019998509424268573,0.019998509424268535,,True,,0,,,592,,,3.5,,58.13374082833916,PASS,1,2.048844974955445e-12,,grasp_baseline_headless,0.002,baseline_headless,,,0.06020599999465048,
,,True,True,,,"one actuated gripper coordinate drives mechanically coupled fingers; bilateral physical contact, object rises >=45 mm and stays held in the terminal lift window; opening releases it to the floor; no object weld/attach constraint",,,,,low normal-direction tangential capacity must fail to lift,,,,,,0.005,,0.0,-0.000348430724879317,,,12,0.08489879999997418,,5.0,12,,1,True,True,False,1.0408340855860843e-17,False,-7.65902278953025e-13,0,0.019987671583590678,0.019999999974581916,0.019999999974588418,0.019999999974581906,,True,PASS_EXPECTED_NEGATIVE,0,,,12,,,3.5,,60.606585304278255,FAIL,1,4.818464867629833e-12,,grasp_low_friction,0.002,low_friction,,,0.057749500032514334,
,,True,True,,,"one actuated gripper coordinate drives mechanically coupled fingers; bilateral physical contact, object rises >=45 mm and stays held in the terminal lift window; opening releases it to the floor; no object weld/attach constraint",,,,,insufficient actuator force must fail to lift,,,,,,0.9,,0.0,-0.000348430724879317,,,1,0.08489879999997406,,0.05,12,,1,True,True,False,2.0816681711721685e-17,False,6.513881596554343e-16,0,0.01999848771111292,0.019998509424268555,0.019998509424268552,0.019998509424268535,,True,PASS_EXPECTED_NEGATIVE,0,,,1,,,3.5,,79.64029900170675,FAIL,1,1.372721751331586e-05,,grasp_low_force,0.002,low_force,,,0.04394759994465858,
,,False,False,,,"one actuated gripper coordinate drives mechanically coupled fingers; bilateral physical contact, object rises >=45 mm and stays held in the terminal lift window; opening releases it to the floor; no object weld/attach constraint",,,,,,,,,,,0.9,,0.0,-0.0003484319624271781,,,0,0.08489879999999658,,5.0,4,,1,True,True,False,8.920670521717078e-10,False,-7.941293626759804e-15,0,0.01996282011387179,0.01996282011336386,0.019962820113363818,0.019962819221296807,,True,LIMITATION_DETECTED,0,,,0,,,3.5,,417.4917078280659,FAIL,1,0.0005246592878939693,,grasp_coarse_timestep,0.01,coarse_timestep,,,0.008383400039747357,
,,,,57909,,MP4 encoded from simulator camera frames and decoded to completion with expected dimensions,95,"(640, 480)",,3.8,,ffmpeg version 7.1-essentials_build-www.gyan.dev Copyright (c) 2000-2024 the FFmpeg developers,results\gripper_contact_probe.mp4,25.0,,,,True,,,,,,,,,,,,,,,,,,,,,,,,,,,,,,,,,,,PASS,,,,mp4,,,,,,
