sample_id,q1_rad,q2_rad,q3_m,q4_rad,finite_difference_step,max_abs_jacobian_component_error
0,-1.889871944641028,0.2374455101070274,0.05271819327297754,1.8584508348902755,1e-07,1.6365788724215236e-09
1,-1.1502889780148169,-1.9022490052573076,0.02633178705365413,-1.7933924709587932,1e-07,1.6365788724215236e-09
2,-1.0753629827588838,-1.6207813957248873,0.04873813224979058,1.0040568191000676,1e-07,5.838671768287895e-10
3,1.6085971873607203,0.41168221090464874,0.0845228578259192,-0.6233256722120055,1e-07,1.6365788724215236e-09
4,-0.33175671209139557,0.07593138249101816,0.07475662284988917,1.2542020558272866,1e-07,2.8043132260791026e-09
5,1.2801124597975018,0.4937286850799367,0.044653258597041626,0.1978198293228277,1e-07,2.8043132260791026e-09
6,-0.784360904659666,-0.28347988321610473,0.027686242710147947,-2.422243567955361,1e-07,6.07747097092215e-09
7,-2.1815380712007655,-1.435178179476911,0.07529743015338364,0.122292288435494,1e-07,6.07747097092215e-09
8,-1.5807287491153192,-1.7956046867820434,0.035045920254143784,2.50083486262447,1e-07,1.6365788724215236e-09
9,-2.201572156373545,-0.9651641192452085,0.0779155967404349,-1.3728032301198931,1e-07,2.8043132260791026e-09
10,-1.6934755703946713,-1.2417915685711374,0.043000788204783896,2.1807855692419187,1e-07,1.6365788724215236e-09
11,2.216499879468783,-0.698481157088263,0.07029414117650867,-2.03144295635389,1e-07,1.6365788724215236e-09
12,0.7275434815565585,0.8374013080168883,0.01091970206929594,1.8479789990400661,1e-07,5.838671768287895e-10
13,-0.12277707863566656,-0.9465312911879171,0.07648724648547713,-2.0244682773090528,1e-07,1.6365788724215236e-09
14,0.03052999938588874,0.26840193523947686,0.07373158024389484,1.1795968059891364,1e-07,2.8043132260791026e-09
15,-0.25122822160707736,0.10475390316814215,0.08399212525987426,-1.6364406467254988,1e-07,5.838671768287895e-10
16,1.8603048705405385,-0.197472591560095,0.04230753077548273,1.2894506295227606,1e-07,1.6365788724215236e-09
17,-1.646808155548543,0.3603679659904735,0.04156002118996711,-0.43598313399742583,1e-07,1.6365788724215236e-09
18,1.8415900952082636,-1.1985128152933298,0.07495144327260182,-0.3442894249942663,1e-07,2.8043132260791026e-09
19,-0.8876275351581362,-0.152411125617272,0.028360040391071532,2.4764265996002344,1e-07,1.6365788724215236e-09
20,0.04009468136491812,0.4289881937766622,0.04413520685506538,-0.3299429237302358,1e-07,1.6365788724215236e-09
21,-0.4983275642116576,-1.604993926785156,0.01575545784563723,1.1213775349616242,1e-07,1.6365788724215236e-09
22,-1.0684917145734216,-1.3543068093652404,0.03328673660570221,-2.117521278747842,1e-07,1.6365788724215236e-09
23,-0.4419228811120024,-0.723891603991351,0.027254884402049775,0.7759797629930691,1e-07,1.6365788724215236e-09
24,-1.013181732653986,0.5307398999068949,0.060432469863232176,1.520164435532105,1e-07,1.6365788724215236e-09
25,-1.7311347036856675,1.5935781666622955,0.08645042685992045,0.6109427402954077,1e-07,1.6365788724215236e-09
26,0.9554308072030571,-0.6312052450321075,0.016617471842426637,-1.5580308593482661,1e-07,1.6365788724215236e-09
27,2.2679042942899423,0.7365721010251494,0.024008107789074643,1.1429371132002242,1e-07,1.6365788724215236e-09
28,0.0634407823207872,-1.4148429308194588,0.05875471258483,1.547605715214381,1e-07,5.838671768287895e-10
29,-0.08319899560822197,1.4720935704608595,0.031273971011923175,-2.1606459711863266,1e-07,1.6365788724215236e-09
30,0.6301494336851245,0.6075364694124734,0.06339371519978013,-2.001699286202567,1e-07,1.6365788724215236e-09
31,-0.6661775070557197,1.5217370162457864,0.0098724741133417,-1.8161880798903343,1e-07,5.838671768287895e-10
32,-2.3755670416945147,0.830422179151272,0.01642467176581039,0.22671391223167214,1e-07,1.6365788724215236e-09
33,1.3165872014996056,0.04165200493132026,0.04563557038879541,2.1757891442918362,1e-07,5.838671768287895e-10
34,-0.7932819623133653,-1.3882683127545832,0.018925382258980022,-0.3311757570671352,1e-07,1.6365788724215236e-09
35,0.015362377642632818,1.732752243302576,0.048153938324605364,2.3949379665435844,1e-07,1.6365788724215236e-09
36,-1.897325405285897,1.7743329784754374,0.08580588622531998,-0.7578066739846405,1e-07,5.838671768287895e-10
37,1.8726830599694022,1.273339335956158,0.07443232169048966,1.7946551253588812,1e-07,5.838671768287895e-10
38,-1.436681726125232,0.11157372304066149,0.08390332023771596,-0.46334079642657455,1e-07,5.838671768287895e-10
39,1.496389346118546,-0.2017249748125558,0.08503685929642425,-2.384381648515829,1e-07,1.6365788724215236e-09
40,-2.48895512737974,-0.9326026198404824,0.05303773066125498,1.1978151709247182,1e-07,3.857024921671837e-09
41,1.2148569536321885,-0.7200918398758149,0.018878044432298867,-1.4464899131325666,1e-07,6.105055905258894e-10
42,-1.4436694789094984,1.6514265609019123,0.05113309769316163,2.451252540482259,1e-07,2.8043132260791026e-09
43,0.721981701597223,-0.4540151458990149,0.07370029439517181,0.3137647534527557,1e-07,5.838671768287895e-10
44,1.8443037167394376,-1.0133468457929975,0.026581962060211288,-0.6512126304843062,1e-07,5.838671768287895e-10
45,-0.2874825101736085,0.3912283880796483,0.0728506062502537,0.1516368548021152,1e-07,1.6365788724215236e-09
46,1.8203123008246216,-1.6248441913193314,0.05278139487825282,-0.21621942766130253,1e-07,1.6365788724215236e-09
47,0.5234247708809585,-0.4259493428743606,0.04089141631004309,-0.4503374648541967,1e-07,1.6365788724215236e-09
48,1.6641532691955412,-2.0306133053112108,0.08067671276951958,-1.4674608214265896,1e-07,1.6365788724215236e-09
49,1.3776032716038804,-0.16470797103675294,0.025881110141566646,1.9070831628204008,1e-07,2.8043132260791026e-09
50,0.5401843173287082,-1.5171884599303098,0.020553481395580643,1.9950617933373547,1e-07,2.8043132260791026e-09
51,-1.2382279475641715,-1.2657101030513083,0.02874521105026179,0.5165141821238799,1e-07,1.6365788724215236e-09
52,2.411732527572113,-1.680646560264642,0.038837542682886944,-1.288346846103792,1e-07,5.838671768287895e-10
53,0.30516323727829375,1.7114408399657846,0.0821012052889124,-1.0971537456882798,1e-07,2.8043132260791026e-09
54,-0.6855726837190323,-0.934353458530667,0.04622524378440758,-0.5640538324446116,1e-07,1.6365788724215236e-09
55,2.2793498607890834,1.8384937042485023,0.03639861634930806,0.8345060735081642,1e-07,1.6365788724215236e-09
56,1.1605823333530827,-0.167786264851433,0.05557052639993069,-1.3292139814467723,1e-07,1.6365788724215236e-09
57,-1.707722944179852,-1.7000518545596763,0.04549581175372965,1.8007015373268356,1e-07,5.838671768287895e-10
58,0.7071922978863312,1.4890043427695394,0.02340136833355875,0.8818023852741912,1e-07,6.07747097092215e-09
59,-2.4961586035009944,0.6080468699872821,0.02736645524324879,-2.3549266846682637,1e-07,2.8043132260791026e-09
60,-2.2927678171849193,0.5101600644452629,0.045543040767538824,-0.6528916816400421,1e-07,1.6365788724215236e-09
61,0.06498552958240644,-1.8066946269739252,0.013452073155712549,-0.15381539900126606,1e-07,5.838671768287895e-10
62,2.1915859907004567,1.0819875728452004,0.05890331036055468,0.06718217355971356,1e-07,1.6365788724215236e-09
63,-0.14352351324073176,-0.480129884323484,0.05020736382621177,1.6315696470381216,1e-07,1.6365788724215236e-09
64,-2.1164280897054155,2.0803001236217007,0.04939773645766022,1.6127144298565925,1e-07,2.8043132260791026e-09
65,-1.6054517242990762,1.967474005308464,0.05452352807796095,1.223687184766264,1e-07,1.6365788724215236e-09
66,2.468596876039025,1.7521346061580672,0.08640840253489529,-2.386926168574767,1e-07,2.8043132260791026e-09
67,2.2405153140803487,-1.2037886161946505,0.07595842736580967,0.9530263129788139,1e-07,2.8043132260791026e-09
68,0.4802511806433287,-0.5598327029684866,0.07518335214851443,0.4431436393424977,1e-07,2.8043132260791026e-09
69,-0.6017979063731982,-2.0410468377007795,0.02482971648365239,1.9443262004920925,1e-07,2.8043132260791026e-09
70,2.468781665833591,-1.9219224845726646,0.06905024480727429,0.7954971375917319,1e-07,1.6365788724215236e-09
71,-0.8923601095298019,-0.49491382637266024,0.08064246614330889,-1.8278175107630183,1e-07,2.8043132260791026e-09
72,0.650987953561025,1.047764065326223,0.027159903572621782,-1.7001193136957116,1e-07,1.6365788724215236e-09
73,0.36717463298750097,-0.9982913194554475,0.02467130463463488,-1.5325130828553952,1e-07,1.6365788724215236e-09
74,-2.406465345246083,-1.6529278836201007,0.06391940419531124,-1.5212950689287812,1e-07,1.6365788724215236e-09
75,-0.7660590340420295,0.560016545892136,0.012982456923631081,2.2870810061678206,1e-07,1.6365788724215236e-09
76,1.0255479263338603,-1.6699435024598879,0.07913897472190264,1.5826100918298325,1e-07,1.6365788724215236e-09
77,0.3890356160498203,-0.4052039338451914,0.051383494941757396,0.8572967981472819,1e-07,5.838671768287895e-10
78,-2.101502953826027,2.0902940142804978,0.06130632247771539,1.4199673751649322,1e-07,1.6365788724215236e-09
79,0.3281512688446,-1.3348471001472866,0.03524564549668009,2.15894850046371,1e-07,2.8043132260791026e-09
80,1.2942676858754596,0.4205736479504876,0.06309974219001102,1.8951004696272928,1e-07,5.838671768287895e-10
81,-2.3067390665546768,-1.619351505168484,0.0827674102629423,-0.06751698765525571,1e-07,6.07747097092215e-09
82,1.0314165270126474,-2.0402973564579225,0.07413104826042692,0.8293376022963059,1e-07,1.6365788724215236e-09
83,-2.2717168611595024,0.14711138218359654,0.08182131910561942,-1.0496112186189053,1e-07,2.8043132260791026e-09
84,1.5801036182186419,0.23607317785781046,0.07071570625578616,-2.1396714751714745,1e-07,1.6365788724215236e-09
85,-1.2957469173098073,0.01820660962566034,0.07406486743852203,-1.5005083427685662,1e-07,1.6365788724215236e-09
86,1.1297958651756916,-1.5271099630952358,0.07671319277285327,2.4856179720998623,1e-07,2.8043132260791026e-09
87,1.898093370454001,0.8972525303775236,0.060543710167160786,0.6323087541774299,1e-07,5.838671768287895e-10
88,0.06929659924251741,-1.5946763847152243,0.08609534023369482,2.4036516341085408,1e-07,1.6365788724215236e-09
89,-1.6297687981654694,-1.9547997209410484,0.05227917971273236,-2.032517196210667,1e-07,5.838671768287895e-10
90,1.149120699919417,-1.7054076494573673,0.06546877714412429,1.7922183525621973,1e-07,2.8043132260791026e-09
91,0.4753452507047857,0.9836665238474054,0.08227910473499428,2.2566458542066865,1e-07,3.857024921671837e-09
92,2.0913775608711056,-1.1524588981283217,0.05510766883597787,-0.01850471701424805,1e-07,1.6365788724215236e-09
93,0.917654081852227,-0.6348737259069179,0.062381463544482284,-0.5841540944146892,1e-07,1.6365788724215236e-09
94,0.4930252214716857,-0.8217173291660134,0.07131690055145015,-1.9130186329183407,1e-07,1.6365788724215236e-09
95,-0.708504158173543,1.2674423809729318,0.05793237161770027,1.705563494316988,1e-07,2.8043132260791026e-09
96,-1.4306628855048176,0.01060485529595212,0.023979790148136858,1.0425114403677607,1e-07,5.838671768287895e-10
97,-2.4342243313337857,1.842038734558213,0.03017119176960351,1.8261061615167735,1e-07,6.07747097092215e-09
98,-1.5735014807597545,1.0739092575859543,0.04183027500719571,0.9807210430699831,1e-07,2.8043132260791026e-09
99,1.5918375942103458,0.915171849749536,0.05212902672882613,-1.0954749424422672,1e-07,2.8043132260791026e-09
100,1.2764232267705697,1.7180405057740358,0.02009984454852582,1.1484326572289034,1e-07,5.838671768287895e-10
101,0.1289668025626538,-1.7349715604654259,0.05137341522087769,0.1253493911399115,1e-07,5.838671768287895e-10
102,0.31329127381470645,0.09820752092616081,0.08440145853211226,0.5403844331331005,1e-07,1.6365788724215236e-09
103,-2.3239912854116715,0.9700719135477684,0.02318385819155484,-2.0867620293822187,1e-07,2.8043132260791026e-09
104,1.8979211582768647,2.064803610742529,0.04597400066631978,-0.9669000208196599,1e-07,6.07747097092215e-09
105,-1.0954295271483834,1.694913223643268,0.0825679588581865,2.2371810223849744,1e-07,2.8043132260791026e-09
106,2.303031984065113,-0.5231548425506587,0.011195074926087721,1.0779931665783749,1e-07,2.8043132260791026e-09
107,-1.5160884371346328,1.4219346599812872,0.08688760208543415,0.6466093511286255,1e-07,2.8043132260791026e-09
108,-1.9422306131381983,-1.8670744543548348,0.07752202213534325,-2.081266612085562,1e-07,1.6365788724215236e-09
109,2.3510144685791934,-2.0111962355934208,0.06708536796961792,1.8692768884083106,1e-07,2.8043132260791026e-09
110,2.437917730470212,0.5137058507855987,0.06551621669440752,0.3067400669595397,1e-07,1.6365788724215236e-09
111,-0.826418322616935,-1.529384704565287,0.06974508839734023,0.7591025380601781,1e-07,1.6365788724215236e-09
112,2.320345314000291,0.6896783837184377,0.054936451423313895,1.0326518003479563,1e-07,1.6365788724215236e-09
113,1.2085963233799655,1.5820150478145472,0.012239064596664406,-0.036461149198618426,1e-07,2.8043132260791026e-09
114,1.8612539792969907,-1.8702921051585846,0.053926813390559866,-1.8031769022901352,1e-07,5.838671768287895e-10
115,2.3621179552588565,-2.0433102208989795,0.02755443446551117,0.6771160759051402,1e-07,6.07747097092215e-09
116,2.264417160417895,-0.6240725410962378,0.08250083827136903,0.21289231097224093,1e-07,1.6365788724215236e-09
117,-1.716713829924983,-0.6294842834364545,0.0647495523262122,-2.2388958711331717,1e-07,1.6365788724215236e-09
118,0.2947239535326771,0.06818723042453811,0.026697987403488593,1.3099804982377048,1e-07,2.8043132260791026e-09
119,-2.478673549814461,1.4775275604607874,0.04692854039681821,0.5847498761652834,1e-07,1.6365788724215236e-09
120,0.03733492807170968,-1.5210234475172615,0.07309582810224814,-2.1244991221267124,1e-07,2.8043132260791026e-09
121,0.19729959648912976,-1.2201673174894077,0.041270436552252175,-1.5585406152987347,1e-07,5.838671768287895e-10
122,1.8316476825541814,-0.8626259588353293,0.06300848515344304,1.8524834376292203,1e-07,1.6365788724215236e-09
123,-2.185831862720337,0.1746360871098558,0.01685813272818907,2.3720956028977715,1e-07,1.6365788724215236e-09
124,2.0811771973794198,-2.003705783203442,0.0862943983545352,1.3283080392187103,1e-07,6.07747097092215e-09
125,-1.3154057448291265,1.98094728398116,0.06423673342296696,0.3172126170673586,1e-07,2.8043132260791026e-09
126,-0.08161208418175425,0.8097743358332057,0.08685906151503513,0.5249943973741313,1e-07,1.6365788724215236e-09
127,1.7500212841543084,-1.2636343762479658,0.016868767404660832,-1.3313048681988868,1e-07,1.6365788724215236e-09
128,-2.430382451765354,2.013314033852274,0.046405797179997946,1.194807366839287,1e-07,2.8043132260791026e-09
129,-0.8771797315914713,-1.284734816793941,0.07746056617251769,1.81528970907861,1e-07,5.838671768287895e-10
130,0.554921129471218,2.0818982072854704,0.07005377227271378,-0.8886660436630758,1e-07,1.6365788724215236e-09
131,1.5770782611600183,-1.3676068061212425,0.013425888948670094,-1.5364636223933479,1e-07,5.838671768287895e-10
132,1.4514556978009852,0.2178147754984181,0.07341797720318904,0.08416290837245421,1e-07,1.6365788724215236e-09
133,1.8747393886828077,-0.9176262046040258,0.08554463988972048,0.8753877309962044,1e-07,1.6365788724215236e-09
134,1.5381285987429614,0.2674554357583814,0.06292409726455239,0.5042742989255742,1e-07,2.8043132260791026e-09
135,1.030365224604421,0.8690972492958657,0.06522765439809772,-1.5910887887005924,1e-07,1.6365788724215236e-09
136,2.1168433916518996,-1.983152447074572,0.08259482400240374,1.1128387540377735,1e-07,1.6365788724215236e-09
137,0.7540872258624143,1.078976300313634,0.062158037907719434,2.4501930397433336,1e-07,1.6365788724215236e-09
138,0.5782500027200754,0.4059733092033144,0.05268739571842823,1.5599063389006185,1e-07,2.8043132260791026e-09
139,1.627419678141111,1.4986300784768902,0.06696258266425686,1.2182842303189223,1e-07,5.838671768287895e-10
140,-0.8170064138074611,0.04362508631281914,0.01159220685983515,2.4114588694279124,1e-07,1.6365788724215236e-09
141,0.6828361521882202,-1.6164857140180147,0.015448999319772245,0.8080248862072881,1e-07,5.838671768287895e-10
142,-0.6839181542871462,-0.7871090038852322,0.014142733882612692,0.9074534486725079,1e-07,1.6365788724215236e-09
143,-1.1180090821959565,1.70770002511901,0.08232181656779866,0.10996815493484391,1e-07,5.838671768287895e-10
144,2.4020567415207967,-1.385428289270625,0.03445074371604898,0.938968329553715,1e-07,1.6365788724215236e-09
145,-2.094217607366529,0.5433677448903258,0.08390329790556968,-0.8277980597882977,1e-07,1.6365788724215236e-09
146,-1.0468733548879272,0.3840596679755177,0.0662750213788793,-2.194695667746,1e-07,1.6365788724215236e-09
147,-1.5586965923528229,0.34338215310625975,0.046860443274731836,-0.5611382186864917,1e-07,2.8043132260791026e-09
148,2.4508997822281824,-1.364584577797585,0.012256491489080831,0.6778164486830631,1e-07,2.8043132260791026e-09
149,-1.553241347435859,1.2797477649406765,0.04772290223621005,-2.197986899858558,1e-07,1.6365788724215236e-09
150,1.6924545535057298,-1.4514066904679686,0.08191306508500855,-0.26281027528608725,1e-07,1.6365788724215236e-09
151,0.5438317038792397,1.6154678622972347,0.059425339822174024,0.961976740396671,1e-07,6.07747097092215e-09
152,0.009980451909311405,-0.05407965979834861,0.010413139034597308,2.0315008468408866,1e-07,1.6365788724215236e-09
153,1.3684101944402904,0.8557629093374199,0.013851219344822831,2.4820929805601644,1e-07,1.6365788724215236e-09
154,0.1772927133709974,-0.3325657467794165,0.049112322692043575,-1.2246576092575792,1e-07,1.6365788724215236e-09
155,2.1990733637125333,0.15708202486483724,0.0507946742906838,1.6069862353096536,1e-07,1.6365788724215236e-09
156,-1.5721310752532647,-0.2998655339653056,0.06862595343861982,1.3262083424227695,1e-07,5.838671768287895e-10
157,-0.1680499319217197,-0.15273873244541747,0.050261994413808894,-2.3817512132102627,1e-07,1.6365788724215236e-09
158,2.1821106392874707,-0.45759541574044604,0.013584927727616304,0.9990764434807975,1e-07,6.07747097092215e-09
159,-0.4451863971517871,1.1832144195159908,0.04689550867961841,2.4834818285142566,1e-07,1.6365788724215236e-09
160,-0.516275595013916,1.0704957916398623,0.04369417821121582,-0.957045208357135,1e-07,1.6365788724215236e-09
161,0.2337129774230151,1.5273372563892633,0.030693903436613514,1.1425408456392003,1e-07,6.07747097092215e-09
162,-2.2243831852561087,-0.02474283622777751,0.05661483340487833,-0.3222995093523471,1e-07,1.6365788724215236e-09
163,0.9925638202862008,1.009845007144238,0.029104139505854696,-1.8462699906635947,1e-07,1.6365788724215236e-09
164,-0.4859208803004411,-0.1961242816094273,0.058215597833536,0.3230862208963323,1e-07,5.838671768287895e-10
165,-0.06730800618417199,-0.43669944625789037,0.08039504077920706,-0.5616673247119166,1e-07,2.8043132260791026e-09
166,-1.7853429644537964,-0.8438656273925722,0.08210586119494954,2.275191818299792,1e-07,1.6365788724215236e-09
167,-0.21865962346168644,-1.1173956634708029,0.061802610344381254,0.2822009753165968,1e-07,2.8043132260791026e-09
168,-0.04000459749906238,-1.6976454961498781,0.07991458784262925,-0.5969771736066829,1e-07,5.838671768287895e-10
169,-1.1242850580153179,-0.8357811628317144,0.029992889484958422,0.9813322074077817,1e-07,1.6365788724215236e-09
170,1.4586496137767933,-0.8073216589229189,0.03838793586746268,1.2438376342236275,1e-07,2.8043132260791026e-09
171,-1.6019622387230692,0.530917464770102,0.06697255268342,-2.4905623018830383,1e-07,2.8043132260791026e-09
172,0.9065863212916243,-0.9431487145037294,0.010155519440603587,-2.2615699800546496,1e-07,1.6365788724215236e-09
173,0.4617395354468181,-0.36718704437970007,0.053669346767377904,2.2011584895814407,1e-07,2.8043132260791026e-09
174,1.244335812772945,-0.27577324950167625,0.05460768338024409,1.366200470442681,1e-07,6.07747097092215e-09
175,-1.929548161979766,1.5522820877698802,0.04693759153804424,1.685618587045659,1e-07,2.8043132260791026e-09
176,1.6007809418914265,-0.3303126001647998,0.02652883601306659,-1.2986816824496066,1e-07,5.838671768287895e-10
177,0.5716721874067825,1.3099076399139702,0.02978726247057513,-0.2273847082346463,1e-07,1.6365788724215236e-09
178,-0.7851363814688308,0.10196302912471955,0.08290271964790795,-0.6890205731253585,1e-07,1.6365788724215236e-09
179,2.401795299273865,1.2236150862626816,0.07682438469591596,1.7057798938709974,1e-07,1.6365788724215236e-09
180,2.4262121644532613,-0.541560811429252,0.06422122513653375,-0.1812266028943057,1e-07,2.8043132260791026e-09
181,-2.147591185880165,1.0624993310271398,0.06257952895665168,1.8213683098183173,1e-07,2.8043132260791026e-09
182,1.2614339390911784,-0.8151302758218466,0.05387003213574709,1.7538439279904505,1e-07,1.6365788724215236e-09
183,-1.0118711713938864,-0.3782241668175772,0.036508486116207196,0.6566163584981672,1e-07,5.838671768287895e-10
184,-0.6588214664554097,-0.4246705886643949,0.041641485835205716,2.4725584658100974,1e-07,2.8043132260791026e-09
185,-2.075101137541233,-1.4401116330422907,0.04712961388850617,0.2994389894400147,1e-07,2.8043132260791026e-09
186,-0.08002801077067634,1.0005240163742433,0.06608554244199635,-2.1955945928084737,1e-07,1.6365788724215236e-09
187,1.756894892726689,0.0802257331375027,0.08709907889938531,1.6498679576648296,1e-07,5.838671768287895e-10
188,2.229009389409046,0.3536010290966032,0.05102254740035075,-0.10935884418939068,1e-07,1.6365788724215236e-09
189,-0.032238623541100075,-1.2571656811977445,0.019872231072310263,1.7591025917649983,1e-07,1.6365788724215236e-09
190,-1.155043525318201,-1.791895556439519,0.06277781811850758,-0.9812561990020603,1e-07,1.6365788724215236e-09
191,0.24321402295664418,-0.13193563262739127,0.07675840549406006,-1.772057190312775,1e-07,5.838671768287895e-10
192,-1.894202562932112,-0.25340442425286214,0.06964656005182124,-0.43792757134772886,1e-07,5.838671768287895e-10
193,-0.07112035384760773,2.0550179098753194,0.08536374132818289,-0.6110363121771687,1e-07,2.8043132260791026e-09
194,-1.097455712958442,-0.929409014100893,0.0217791258600786,-2.0121798517298797,1e-07,6.07747097092215e-09
195,1.6162286842401326,-0.2085619523826876,0.017375375655660004,-1.600019061431611,1e-07,5.838671768287895e-10
196,1.8237343244752688,-0.3151842965796925,0.03681091949169691,-0.48319100359525624,1e-07,1.6365788724215236e-09
197,0.7141918601084529,-0.4928322610480478,0.05244768791600094,0.5150889095492022,1e-07,5.838671768287895e-10
198,0.32228657562203766,-0.6600034913359192,0.04773857997747721,0.2571959457144768,1e-07,1.6365788724215236e-09
199,-1.8249176720339322,1.405896740787366,0.05527011985600712,-2.185739335248129,1e-07,1.6365788724215236e-09
