q2_rad,q2_deg,abs_sin_q2,sigma_min_xy_m_per_rad,local_inverse_gain_rad_per_m,condition_number_xy,classification
0.0,0.0,0.0,0.0,inf,inf,NEAR_SINGULARITY
0.005,0.2864788975654116,0.004999979166692708,0.00048498983496863553,2061.8988850862625,977.8241385545167,NEAR_SINGULARITY
0.01,0.5729577951308232,0.009999833334166664,0.0009699765067129929,1030.952804608381,488.90914667091465,NEAR_SINGULARITY
0.025,1.4323944878270582,0.024997395914712332,0.0024248859105283085,412.3905358426247,195.5554753130019,NEAR_SINGULARITY
0.05,2.8647889756541165,0.04997916927067833,0.004849376424103963,206.21208018199448,97.76312411075214,NEAR_SINGULARITY
0.1,5.729577951308233,0.09983341664682815,0.009695589824143194,103.13967671258935,48.85233175310652,REGULAR
0.2,11.459155902616466,0.19866933079506122,0.019365880255734096,51.63720867807738,24.36767963085014,REGULAR
1.5707963267948966,90.0,1.0,0.1359993719468041,7.352975132790673,2.487047191958149,REGULAR
2.6179938779914944,150.0,0.49999999999999994,0.1149985765525062,8.695759808326137,1.7391734888143053,REGULAR
