slot_id,region_id,class,x_m,y_m,z_m,target_yaw_rad,ik_status,candidate_count,branch_id,q1_rad,q2_rad,q3_m,q4_rad,position_residual_m,yaw_residual_rad,abs_sin_q2
INPUT_RED_01,INPUT,RED,-0.05,-0.28,0.008,0.0,SUCCESS,8,ELBOW_NEGATIVE,-0.9760832436351389,-1.7016038228726036,0.095,-0.463905587082051,1.4304896245381992e-17,0.0,0.9914568913905548
INPUT_GREEN_01,INPUT,GREEN,0.0,-0.28,0.008,0.0,SUCCESS,8,ELBOW_NEGATIVE,-0.7878678167787332,-1.7290649392506323,0.095,-0.6246598975604281,5.561946577567963e-17,0.0,0.9875016450896781
INPUT_BLUE_01,INPUT,BLUE,0.05,-0.28,0.008,0.0,SUCCESS,8,ELBOW_NEGATIVE,-0.6226655314950656,-1.7016038228726036,0.095,0.7534730275727721,1.4304896245381992e-17,4.440892098500626e-16,0.9914568913905548
INPUT_RED_02,INPUT,RED,-0.05,-0.22,0.008,0.0,SUCCESS,8,ELBOW_NEGATIVE,-0.8855552845942599,-2.0448781641134133,0.095,-0.2111592048821196,1.4304896245381992e-17,4.440892098500626e-16,0.8897122578122227
INPUT_GREEN_02,INPUT,GREEN,0.0,-0.22,0.008,0.0,SUCCESS,8,ELBOW_NEGATIVE,-0.6506845528108046,-2.075668598887949,0.095,-0.41523950189103953,2.797157557069881e-17,0.0,0.8752362629987704
INPUT_BLUE_02,INPUT,BLUE,0.05,-0.22,0.008,0.0,SUCCESS,8,ELBOW_NEGATIVE,-0.4386020823129938,-2.0448781641134133,0.095,-0.6581124071633866,3.122502256758253e-17,0.0,0.8897122578122227
RED_SLOT_01,TRAY_RED,RED,-0.255,0.21,0.012,0.0,SUCCESS,8,ELBOW_POSITIVE,1.814225254542758,1.393510397830445,0.09100000000000001,-0.0661429987834099,6.938893903907228e-18,0.0,0.9843259675879042
RED_SLOT_02,TRAY_RED,RED,-0.22,0.21,0.012,0.0,SUCCESS,8,ELBOW_POSITIVE,1.661831123508396,1.5751441665802246,0.09100000000000001,-0.0953826364988275,3.98609107286759e-17,0.0,0.9999905481594902
RED_SLOT_03,TRAY_RED,RED,-0.185,0.21,0.012,0.0,SUCCESS,8,ELBOW_POSITIVE,1.5097143075355848,1.7298905289606699,0.09100000000000001,-0.09801218290646152,7.88106850030428e-17,0.0,0.9873711884473804
GREEN_SLOT_01,TRAY_GREEN,GREEN,-0.035,0.3,0.012,0.0,SUCCESS,8,ELBOW_POSITIVE,0.9633662750699584,1.589003854525944,0.09100000000000001,0.5892225239938906,2.8609792490763984e-17,0.0,0.9998342475461433
GREEN_SLOT_02,TRAY_GREEN,GREEN,0.0,0.3,0.012,0.0,SUCCESS,8,ELBOW_POSITIVE,0.8415130530945695,1.6023232883660445,0.09100000000000001,0.697756312129179,6.245004513516506e-17,0.0,0.9995030665096495
GREEN_SLOT_03,TRAY_GREEN,GREEN,0.035,0.3,0.012,0.0,SUCCESS,8,ELBOW_POSITIVE,0.7310830213099778,1.589003854525944,0.09100000000000001,-0.7492905490410252,2.8609792490763984e-17,0.0,0.9998342475461433
BLUE_SLOT_01,TRAY_BLUE,BLUE,0.185,0.21,0.012,0.0,SUCCESS,8,ELBOW_POSITIVE,0.06533164453560836,1.7298905289606699,0.09100000000000001,-0.22442584670138177,3.98609107286759e-17,0.0,0.9873711884473804
BLUE_SLOT_02,TRAY_BLUE,BLUE,0.22,0.21,0.012,0.0,SUCCESS,8,ELBOW_POSITIVE,0.044531551092573674,1.5751441665802246,0.09100000000000001,-0.04887939087790172,2.8609792490763984e-17,0.0,0.9999905481594902
BLUE_SLOT_03,TRAY_BLUE,BLUE,0.255,0.21,0.012,0.0,SUCCESS,8,ELBOW_POSITIVE,0.05048137738268743,1.393510397830445,0.09100000000000001,0.12680455158176418,2.8609792490763984e-17,0.0,0.9843259675879042
