ID,Формулировка,Источник требования,Тип требования,Обязательность,Измеримость,Критерий выполнения,Будущий артефакт,Milestone,Способ доказательства,Текущий статус,Комментарий
BAS-001,Тема проекта — моделирование и симуляция манипулятора для сортировки объектов по цвету.,U-01: точная формулировка пользователя,Явное пользовательское требование,Обязательное,Да,Название одинаково во всех проектных материалах.,Все документы и README,M0–M12,Поиск заголовков и сквозная редакционная сверка.,Зафиксировано M0,Не является текстом задания преподавателя.
BAS-002,"Разработать модель и программно проверить полный цикл выбора, захвата, переноса и цветовой сортировки.","U-01, U-02; рабочая формулировка M0",Проектная формулировка цели,Обязательная для проекта,"Да, по циклам и метрикам",Объект фактически размещен в зоне его истинного класса в симуляции.,"Требования, код, логи, отчет","M0, M6–M9",test_nominal_cycle_requires_public_hold_and_place_evidence; 46-event controlled trace; M7/M9: run log + independent evaluator outcome.,Частично реализовано и проверено на уровне M6 controller policy; интеграция и итоговый результат относятся к M7–M9,"Связать команды, события и конечный исход независимого оценщика. M6 проверяет только контролируемую политику с test doubles; M6 trace не является результатом динамической симуляции. Сквозной результат подтверждается адаптерами M7 и evaluator кампанией M9."
BAS-003,"Работа должна содержать архитектуру, модель, алгоритм, код, симуляцию, визуализацию, видео, виртуальные испытания, анализ и материалы сдачи.","U-01, U-02",Явное пользовательское требование,Обязательное для проекта,"Да, по перечню файлов","Каждая часть присутствует, открывается и связана с доказательствами.","Состав комплекта, README, финальный архив",M0–M12,Матрица требований и финальный allowlist файлов.,Зафиксировано M0,Формальный кафедральный список отсутствует.
BAS-004,"Требования преподавателя должны отличаться от пользовательских указаний, решений проекта и допущений.",U-02 §2; процессное правило M0,Процессное требование,Обязательное,Да,У каждого пункта указан источник и тип.,"Матрица_требований.csv, Требования.md",M0; повторно M12,Проверить источник и тип каждой существенной строки.,Зафиксировано M0,Официальных исходников в папке нет.
BAS-005,Физический прототип пока не входит в рабочую базовую область.,U-02 §7; отсутствие противоположного официального задания,Рабочее допущение,Временно обязательно для планирования,Да,Не заявляются сборка/физические испытания; при официальном требовании scope пересматривается до M1.,"Границы_проекта.md, записка","M0, сверить до M1","Сверка с индивидуальным заданием, если оно поступит.",Допущение M0,Не выдавать отсутствие исходника за отсутствие требования.
BAS-006,Результаты проверки должны называться виртуальными испытаниями/результатами симуляции.,U-02 §7,Явное пользовательское требование,Обязательное,Да,"В документах нет заявлений о реальной сборке, измерениях и тестах.","DOCX, PPTX, логи, отчет",M0–M12,Поиск запрещенных формулировок и сверка происхождения данных.,Зафиксировано M0,Физическая валидация не подтверждается симуляцией.
BAS-007,Предыдущая курсовая служит только референсом процесса и переноса служебных реквизитов; ее техническое содержание не используется.,Текущие сообщения пользователя U-01/U-03; референсные файлы,Явное ограничение переноса,Обязательное,Да,"Новая тема и ее требования не содержат скопированных старых технических решений, чисел или исходов.","Реестр исходников, проектные файлы",M0–M12,Смысловой поиск/сверка каждого заимствованного реквизита с источником.,Зафиксировано M0,Старое ФИО студента не переносить.
BAS-008,"Пока индивидуальное задание, методичка и официальный шаблон отсутствуют, обязательные нормы кафедры остаются неизвестными.",Инвентаризация целевой папки; нет официального файла,Неизвестное официальное требование,Проверить при поступлении,Да,Каждая неизвестная норма зарегистрирована как UNKNOWN и имеет владельца/срок проверки.,"Реестр исходников, Требования.md, реквизиты.yaml",M0; проверить M1/M10,Повторная инвентаризация и сверка с новым официальным документом.,Открыто; не блокирует M1,Не подменять поиском типовых норм.
ADM-001,Автор новой работы — Шатуев Руслан Саматович.,U-03: прямое уточнение пользователя,Явное пользовательское административное значение,Обязательное,Да,В новых служебных материалах используется это ФИО; старый автор не скопирован.,"реквизиты.yaml, будущие титульные страницы","M0, M10",Сверка каждого финального титульного листа с YAML.,Подтверждено пользователем,Группа перенесена отдельно и требует актуальной сверки.
ADM-002,Руководитель переносится как Кузнецова В.Ю. согласно последнему титульному слайду и предыдущему указанию пользователя.,U-03 и предыдущее явное уточнение пользователя; REF-PPTX,Перенесенное по указанию пользователя значение,Для переноса обязательно; формальный источник не найден,Да,Одинаковое имя и роль в будущих документах; сверить с новым заданием до экспорта.,"реквизиты.yaml, DOCX, PPTX","M0, M10",Сверка с официальным заданием при наличии и SSOT-реквизитами.,Перенесено; подтвердить до M10,Не смешивать с ролью заведующего кафедрой.
ADM-003,Группа ДИНРб-31 переносится из предыдущей финальной презентации как реквизит по указанию пользователя.,U-03; REF-PPTX,Перенесенное административное значение,Временно переносится,Да,Новая титульная страница совпадает с актуальным подтверждением группы.,"реквизиты.yaml, титульные страницы","M0, M10",Сверка с текущим заданием/учетными данными до финального экспорта.,Перенесено; проверить до M10,Текущий официальный документ отсутствует.
ADM-004,"Учреждение, институт, кафедра, дисциплина и город переносятся только со ссылкой на прежние служебные страницы.",U-03; REF-PPTX/REF-DOCX,Перенесенное административное значение,Условно до сверки,Да,Каждое поле имеет отдельный источник и статус; неподходящие поля не вставлены в финальную форму.,"реквизиты.yaml, Реквизиты_и_источники.md","M0, M10",Сверка полей с официальным титульным шаблоном.,Перенесены с пометкой проверки,Учреждение: АГТУ; институт/кафедра из прошлой записки.
ADM-005,Исторический год и даты предыдущего проекта нельзя переносить как текущие реквизиты.,"REF-PPTX, REF-DOCX; инвентаризация",Проектное ограничение реквизитов,Обязательное,Да,Учебный год и сроки имеют источник новой работы или остаются UNKNOWN.,"реквизиты.yaml, титульные страницы","M0, M10",Проверка полей даты против нового задания.,UNKNOWN до подтверждения,Текущая календарная дата не доказывает учебный год.
ADM-006,Роль/ФИО заведующего кафедрой из предыдущей записки не считать подтвержденными для новой работы.,"REF-DOCX, Аудит_M8 предыдущего проекта",Открытый административный вопрос,"Проверить, если поле нужно",Да,"Если титульный шаблон требует это поле, заполнить только после подтверждения актуальной должности/ФИО; прежние служебные имена не переносить.","реквизиты.yaml, Реквизиты_и_источники.md","M0, M10",Сверка с новым шаблоном и заданием.,UNKNOWN — роль/ФИО не подтверждены,Кузнецова В.Ю. зафиксирована как руководитель по указанию пользователя; не назначать ей отдельную должность без источника.
SCP-001,"Физический монтаж, реальные измерения и электроника не включаются без прямого требования преподавателя.","U-01, U-02 §6–7",Граница проекта / рабочее допущение,Базовое ограничение,Да,"В комплекте нет заявления о выполненной физической сборке; scope обновляется, если задание говорит обратное.","Границы_проекта.md, записка","M0, M1, M10",Сверка с заданием и поиск утверждений о физической работе.,Допущение M0,Проектная пригодность модели не равна сборке.
SCP-002,Базовая постановка рассматривает статичную рабочую ячейку и однослойные объекты.,U-02 §6; кандидатное ограничение плана,Проектное допущение,"Базовое, проверить M1",Да,"Форма, высота, число цветов, позиции и ограничения задаются конфигурацией после выбора в M1–M2.","Границы_проекта.md, конфигурация",M0–M2,Сверка выбранных сценариев с утвержденной областью.,Допущение M0,"Конвейер, куча и штабелирование не включены автоматически."
SCP-003,"Применение ROS, Arduino, GPU, облака, нейросетей и RGB-D требует обоснованной необходимости или официального требования.","U-02 §6, §23",Ограничение объема,Не обязательны без основания,Да,Ни один дополнительный стек не вводится без записи требования/риска/владельца.,"Границы, архитектура M1",M1,Сверка выбранного стека с матрицей и возможностями ПК.,Решение M1: не включать в базовую архитектуру,"Arduino, ROS, GPU-вычисления, облако, neural network и RGB-D не добавлены; официальное задание не обнаружено, при его появлении scope пересмотреть."
ARC-001,Тип кинематической схемы выбирается в M1 после сравнения достижимости захвата и зон.,План M1; U-02 §23,Проектное решение,Обязательно определить в M1,Да,Утвержден один вариант с основаниями и результатом технического стенда.,"Архитектура, модель",M1,Протокол сравнения кандидатов и проверки захвата.,Решение принято M1,Выбран SCARA R–R–P–R; геометрическая проверка покрытия ячейки остается M2–M3.
ARC-002,Число степеней свободы определяется требуемыми позициями и ориентацией рабочего органа.,U-01; План M1,Проектное решение,Обязательно определить,Да,Все требуемые позы доступны либо область задачи честно ограничена.,"Спецификация, модель",M1–M2,Кинематическая достижимость захвата и всех зон.,Топология и число DoF зафиксированы M1; геометрия M2,Зафиксировано 4 независимые координаты руки и 1 координата раскрытия симметричного gripper. До M2 не объявлять достижимость рабочей области подтвержденной.
ARC-003,"Выбранная среда должна уметь исполнять суставные приводы, рендерить сенсорный кадр, моделировать контакты и записывать воспроизводимые состояния.",U-01; План M1,Инженерное требование к выбору среды,Обязательно подтвердить до выбора,Да,"Изолированный стенд проходит рендер, суставной запуск, контактный подъем/отпускание и запись на данном ПК.","Выбор среды, feasibility стенд",M1,Повторяемый протокол стенда и фиксация версий.,Среда выбрана; изолированные возможности пройдены M1; интеграция M7,"MuJoCo 3.14.0 прошел чистую установку, R/P, RGB, контактный gripper и MP4 probes; это не проверка полной симуляции сортировщика."
ARC-004,Модель захвата должна иметь явно описанный физический или упрощенный механизм взаимодействия.,"U-02 §1, §2; риск R01/R16",Техническое требование проекта,Обязательно определить,Да,Стенд показывает фактическое удержание и отпускание либо ограниченный режим описан и его выводы не расширяются.,"Модель захвата, симуляция","M1, M7",Сценарии успешного и неуспешного контакта.,Закрыто M7 для виртуальной интегрированной геометрии; физический захват вне объема,"M7 подтвердил контактное закрытие, удержание и отпускание конечной двухпальцевой руки без weld/attach в полных циклах. Это результат MuJoCo; реальная механика не измерялась."
MOD-001,"Точные размеры звеньев, объекта, захвата, рабочей ячейки и камеры фиксируются до расчета кинематики.",План M2; U-02 §23,Проектное требование,Обязательно M2,Да,Все размеры имеют единицы и источник (проектное/внешнее/расчетное).,"SSOT YAML, модель",M2,Валидатор параметров и сверка модели.,Закрыто M2,"Геометрические параметры, система ячейки и камера зафиксированы в SSOT M2-v1.0; размеры — проектные допущения, масса/инерция объекта — расчёт."
MOD-002,"Для модели фиксируются системы координат, знаки осей, нулевые положения, TCP и соглашения камеры.",План M2; M3/M4 зависимости,Проектное требование,Обязательно M2,Да,Модель и математические модули используют одни определения преобразований.,"SSOT, паспорт модели",M2,Сверка матриц модели и независимых расчетов.,Закрыто M2,"Зафиксированы WORLD/BASE/J1–J4/TCP/CAM_MJ/CAM_CV, оси, нули, столбцовая конвенция преобразований и раздельные порядки кватернионов."
MOD-003,Модель включает collision geometry отдельно от visual geometry и учитывает груз.,План M2/M5,Проектное требование,Обязательно,Да,"Проверка геометрии звеньев, пальцев и объекта на путях возможна.","Файл модели, планировщик","M2, M5",Тест пересечений и контрольных поз.,Частично подтверждено M5 на проверенных полных маршрутах; расширенная оценка M9,"Все collision geoms руки, пальцев, объекта и среды участвуют в дискретном полном preflight; machine-readable clearance profile сохранён. Это покрывает проверенные deterministic cases, не является непрерывной гарантией для произвольного пути."
MOD-004,"Массы, инерции, контакты и пределы приводов классифицируются как источник, расчет либо допущение.",План M2,Проектное требование,Обязательно,Да,"У каждого динамического параметра есть происхождение, единица и значение/неизвестно.","SSOT, спецификация модели","M2, M7",Валидатор параметров и отчет чувствительности.,Параметры и допущения M2/M7 классифицированы; актуальная sensitivity-проверка M7-v1.8 выполнена,"Текущая однообъектная поза RED физически отсортирована в nominal dt=0.002 s/solver=100, fine dt=0.001 s, solver=50 и solver=150. Ошибка слота: 0.676 mm nominal/solver profiles и 1.025 mm fine; относительный slip: 1.955 mm и 2.156 mm соответственно. Диагностическая виртуальная серия, не калибровка реальных материалов; грубый dt=0.005 s не применялся из-за ранее выявленной контактной нестабильности M1."
KIN-001,Прямая кинематика вычисляет трансформацию TCP из всех управляемых координат.,"U-02 §3, План M3",Проектное требование,Обязательно,Да,FK проходит ручные примеры; 10 000 FK→IK→FK и 1 000 сравнений transform с MuJoCo укладываются в заранее заданные допуски.,"04_Программа/kinematics, 05_Верификация/kinematics, 02_Спецификация/Кинематика.md",M3,"Unit tests, фиксированные seeded выборки, сравнение BASE→J1/J2/J3/J4/TCP.",Закрыто M3,Макс. позиционное расхождение parity 1.61e-16 m; geometric baseline M2-v1.0 сохранен.
KIN-002,Обратная кинематика возвращает допустимые решения либо явную причину отказа.,U-02 §3,Проектное требование,Обязательно,Да,Решение проходит проверку FK-остатка и физических лимитов; геометрически/суставно/по Z/ориентации невозможная или численно несогласованная цель получает явный статус.,"04_Программа/kinematics, 05_Верификация/kinematics, 02_Спецификация/Кинематика.md",M3,"Обе ветви, symmetry, lim-boundaries, отрицательные cases и fault-injection residual guard.",Закрыто M3,"Введенные пределы FK остатка исполняются кодом; если остаток выше допуска — возвращается NUMERICAL_FAILURE, не SUCCESS."
KIN-003,"Рабочая область учитывает ориентацию TCP, суставные лимиты и габариты захвата.",План M3; U-02 §3,Проектное требование,Обязательно,Да,"M3 подтверждает точечную кинематическую достижимость целевых XY/Z/yaw с суставными пределами; M5 отдельно подтверждает габарит захвата, clearance и collision-free путь.","График/карта workspace, Кинематика.md, M5 trajectory/collision evidence",M3/M5,IK всех целевых точек и сеток; swept-volume/collision проверки в M5.,Частично подтверждено M3/M5; общая проверка конфигураций M9,M3 проверил 15/15 слотов и 3 844/3 844 TCP-сеточных точек; M5 проверил объём захвата и полный путь в 6 планируемых сценариях. Другие позы/конфигурации obstacles не сертифицированы.
KIN-004,При выборе ветви IK близость суставных решений рассчитывается с учетом единиц R/P осей.,План M3; повторный аудит плана,Техническое ограничение реализации,Обязательно,Да,"Стоимость является квадратом нормы прямого смещения, нормированного по полному ходу каждой оси; радианы и метры сравниваются в безразмерных координатах.","02_Спецификация/Кинематика.md, 04_Программа/kinematics/scara.py, tests",M3,Анализ формулы и тесты ветвления/масштабирования координат R/P.,Закрыто M3,Для каждой оси delta/span безразмерно; нет суммы численных радиан и метров в исходных единицах.
KIN-005,"Скорости и ускорения суставов и TCP ограничиваются, а путь отделен от времени исполнения.",U-02 §3; план M5,Проектное требование,Обязательно,Да,Во всех сохраненных траекториях ограничения проверяются до исполнения.,"Модуль trajectory, графики",M5,"Проверка q(t), qdot, qddot и TCP.",Проверено для кинематических планов M5; динамическое исполнение M7,"Все сохранённые q(t) samples соблюдают joint/gripper velocity и acceleration limits. TCP linear/yaw rates и accelerations вычислены аналитически из FK и проверены против консервативных envelopes, выведенных из M2 link lengths/joint limits; независимые Cartesian actuator caps не заданы."
PER-001,"Класс и цвет должны определяться по входу выбранного сенсора, а не из поля класса объекта симулятора.",U-02 §19,Явное пользовательское архитектурное требование,Обязательное,Да,У контроллера нет API к истинной метке; тест интерфейса подтверждает разделение.,"Архитектура, perception","M1, M4, M7",Проверка зависимостей и запрет доступа к ground truth.,Сквозная интеграция публичных RGB-представлений подтверждена M7; широкая кампания M9,M7 объединяет overhead и placement RGB views с одним perception-кодом и раздельными калибровками; контроллер не получает truth pose/color/object ID/segmentation.
PER-002,Камера/сенсор выбирается на M1 и выдает источник положения; сенсор не должен быть декоративной иллюстрацией.,"U-01, План M1",Проектное требование,Обязательно определить,Да,Сенсор возвращает действительные наблюдения с фиксированной позой/калибровкой либо измеренной позой.,"Sensor interface, конфигурация","M1, M2",Стенд кадра и отслеживание источника координат.,"Камера выбрана M1; RGB sensor interface, калибровка и perception проверены M4",640×480 RGB CameraFrame с timestamp/validity; fixed overhead M2 geometry; independent planar calibration 49 fit + 64 validation points. Проверено виртуально.
PER-003,Система обнаруживает несколько кандидатов сцены и выделяет статические зоны как исключенные области.,План M4; U-02 §1,Проектное требование,Обязательно,Да,На тестовых кадрах детекции кандидатов сопоставлены с независимым ground truth; зона не обнаруживается как предмет.,"Perception, маски и тестовая выборка",M4,Precision/recall и визуальная сверка детекций.,Выполнено M4-v1.3 в объявленной области видимости,"Независимая серия: 368/368 matched candidates, FP=0, FN=0; 3 sorting zones исключены; out-of-domain low-contrast UNKNOWN помечается OCCLUDED и не разрешен к pick."
PER-004,Определитель цвета допускает результат UNKNOWN и возвращает качество/причину неопределенности.,"U-02 §2, §6",Проектное требование безопасности,Обязательное,Да,Низкая уверенность или неизвестный цвет не превращается в цветовой класс.,"Perception API, ошибки",M4,Неизвестные и близкие по тону тестовые кадры.,Выполнено M4-v1.3,"Все 15 истинных UNKNOWN остались UNKNOWN; confidence является score, не вероятностью. Из трех out-of-domain объектов статус OCCLUDED; UNKNOWN класс не выдает разрешение на захват."
PER-005,Оценка координат и ориентации использует калибровку и корректную плоскость объекта.,План M4; U-02 §1,Проектное требование,Обязательно,Да,Ошибка на независимых позициях измерена и укладывается в утвержденный бюджет захвата.,"Калибровочный файл, отчет зрения","M2, M4","Пиксель→база, контрольные точки вне калибровочного набора.",Выполнено M4 для заявленных сортируемых классов; интегральная приемка захвата остается M7,"Независимые 64 точки калибровки: p95 0.512 mm, max 0.879 mm. Из 353 RED/GREEN/BLUE poses XY max 1.361 mm и p95 0.891 mm при M4 allocation 2 mm; yaw max 6.647° при пределе 10°. UNKNOWN не pickable; иные высоты не поддерживаются."
PER-006,"Задержка, отсутствие, устаревание и частичное перекрытие кадра обнаруживаются до нового захвата.","U-02 §1, §22",Требование обработки сенсорной ошибки,Обязательное,Да,Отсутствующее/старое наблюдение вызывает ограниченный повтор или безопасный отказ.,"Сенсорный adapter, FSM","M4, M6",test_camera_failures_are_bounded_and_latch_safe_stop; test_stale_frame_is_rejected_before_selection; M7 integration checks exact frame/timestamp contract.,Политика M4/M6 проверена; интеграция сенсорного адаптера остаётся M7,M4 отвергает NO_FRAME/STALE/malformed/wrong-camera/future time и перекрытие; M6 ограничивает повторы и завершает неопределённость fail-closed. В M6 проверено test_camera_failures_are_bounded_and_latch_safe_stop и test_stale_frame_is_rejected_before_selection. Реальные adapter timestamps/freshness проверяются M7.
PER-007,"Управляющая политика не получает скрытые truth pose, object ID, segmentation mask или правильную зону.",U-02 §19–20,Явное пользовательское требование,Обязательное,Да,Тест интерфейсов показывает раздельные контроллер и оценщик.,"Архитектура кода, evaluator","M1, M4, M7",Аудит входов контроллера и тест с измененными truth-only полями.,Граница публичных входов интегрированного контроллера проверена M7; повторный аудит M9/M12,"Данные контроллера поступают из public camera adapters, измерений суставов и разрешенных touch sensors. Ground truth evaluator отделен; входного канала evaluator в SortController нет."
PER-008,Погрешность восприятия сравнивается с геометрическим запасом захвата.,План M2/M4; Численные_критерии.md,Проектное требование,Обязательное,Да,Суммарный бюджет ошибок не превышает допуск захвата для заявленных условий.,"SSOT, расчет бюджета, отчет M4",M2–M4,Расчет вклада звеньев и итоговая проверочная серия.,Выполнено M4 для вклада perception; суммарный budget захвата проверяется M7,"Для 353 supported-color poses: XY p95 0.891 mm, max 1.361 mm ≤ 2 mm M4 allocation; yaw p95 4.019°, max 6.647° ≤10°. Для UNKNOWN max XY 2.178 mm, но он отклоняется. Арифметический остаток M2 total XY budget не считается доказательством контактного захвата."
SORT-001,Классы объектов однозначно сопоставляются зонам и доступным местам сортировки.,U-01; План M2/M6,Проектное требование,Обязательно,Да,Конфигурация содержит явное отображение класс→зона→места.,"YAML конфигурация, таблица соответствия","M2, M6",SSOT mapping validation; test_unknown_is_never_mapped_to_a_sorting_zone; test_all_slots_full_yields_safe_skip_without_planning_or_fake_placement; M7/M9 placement evidence.,"Class→zone→slot mapping и controller policy проверены M2/M6; public placement integration — M7, evaluator truth — M9",Mappings и порядок слотов загружаются из SSOT; UNKNOWN не получает зону. M6 проверяет mapping/reservation policy и отказ при заполненных slots. Итоговое фактическое место подтверждается только после появления M7 public placement adapter; truth-level проверка — M9.
SORT-002,До захвата резервируется свободное место в корректной зоне.,План M6; риск R17,Проектное требование,Обязательно,Да,Нет захвата без доступной цели; резерв корректно освобождается при отказе.,"FSM, журнал резервов",M6,test_all_slots_full_yields_safe_skip_without_planning_or_fake_placement; test_execution_failure_without_payload_releases_reservations; автоматические ReservationManager/controller invariants.,Controller reservation lifecycle проверен M6; начальная занятость/исполнительная интеграция — M7,"Track и свободный slot резервируются до plan/motion; полный slot не запускает план; безопасный отказ освобождает резервы; подтверждённое место остаётся OCCUPIED, неоднозначное — QUARANTINED. M7 должен подать публичную initial occupancy для непустых лотков."
SORT-003,Удержание объекта проверяется после захвата и пробного подъема.,"U-02 §1, §10",Проектное требование,Обязательно,Да,Попытка считается захватом только после подтверждения удержания по разрешенному сигналу.,"FSM, модель датчика/контакта",M6–M7,test_nominal_cycle_requires_public_hold_and_place_evidence; test_grasp_failure_uses_bounded_recovery_without_claiming_hold; test_hold_verification_timeout_with_no_fresh_sensor_is_safe_stop; M7 contact/execution integration.,Подтверждено в M7 виртуальных полных циклах для отдельных объектов,Выполнены динамические contact/grasp/lift/transfer/place/release; физический evaluator подтвердил удержание и укладку. Успешные прогонные максимумы относительного проскальзывания лежат примерно в диапазоне 0.79–1.22 mm; физический прототип не испытывался.
SORT-004,После отпускания отдельно проверяются свободные пальцы и фактическая зона объекта.,"U-02 §10, §20",Требование измерения результата,Обязательное,Да,Оценщик подтверждает освобождение/устойчивость и нужную зону по truth state.,"Evaluator, логи, метрики","M7, M9",Сопоставление конечной позы и истинной метки.,Подтверждено M7 отдельным RGB-входом лотков и сквозными циклами,"M7 проверяет открытый захват и публичное perception-подтверждение после retreat; тестовая сетка покрыла все 3 класса × 3 слота, интеграционные циклы подтвердили правильные слоты."
SORT-005,Обработка партии не создает двойную сортировку или повторное обнаружение одного предмета.,План M6–M7,Проектное требование,Обязательно,Да,У одного truth object максимум один терминальный исход; ID контроллера свои.,"Perception tracking, evaluator","M4, M6",test_same_m4_track_duplicates_collapse_before_reservation; test_conflicting_duplicate_track_fails_closed_instead_of_double_counting; test_multiple_objects_are_processed_once_across_batch_cycles; M9 evaluator.,M4 track handling и M6 controller lifecycle проверены; truth-level итог партии — M9,"M4 выдаёт собственные track IDs; M6 объединяет повторы одного ID, отвергает конфликтные дубли и не обрабатывает terminal track повторно. Controller status не подменяет evaluator truth."
SORT-006,"Система отрабатывает пустой вход, заполненную зону и несколько смешанных объектов.",U-02 §5,Пользовательское требование к сценариям,Обязательное,Да,Каждая ситуация получает корректное конечное состояние и журнал причины.,"FSM, сценарии и логи","M6, M9",test_valid_empty_scene_is_not_treated_as_camera_failure; test_all_slots_full_yields_safe_skip_without_planning_or_fake_placement; test_multiple_objects_are_processed_once_across_batch_cycles; M9 scenario logs.,Controlled controller cases M6 проверены; интегрированная acceptance серия — M9,"В M6 проверены валидная пустая сцена, заполненные slots и последовательная обработка нескольких объектов на test doubles. Это проверка политики, не серия динамических виртуальных испытаний; M9 выполнит acceptance campaign."
SORT-007,"Невалидная цель пропускается с причиной, а допустимые объекты партии продолжают обрабатываться.","U-02 §5, §10",Проектное требование,Обязательное,Да,Для недоступной цели есть отказ; следующий независимый допустимый объект обрабатывается.,"FSM, run logs","M6–M7, M9",test_problematic_candidate_does_not_starve_next_candidate; test_permanent_planner_failure_releases_reservations_and_skips_track; M7/M9 integrated scenario.,Текущий M7-v1.8 seeded mixed-run повторно подтвердил сортировку 3/3; статистическая оценка партии принадлежит M9,"Два прогона mixed_random_three, seed 20260928, завершились 3/3 по независимому post-run evaluator и совпали по логам/конечному состоянию. Ранний исторический M7-v1.5 результат 2/3 сохранен как прежняя версия, не используется как итоговый результат v1.8 и не скрывается."
SORT-008,Ориентация объекта и симметрия рабочей поверхности учитываются при выборе позы захвата.,План M2/M3,Проектное требование,Обязательно,Да,Выбранная ориентация укладывается в ограничения захвата и не вызывает скачка IK.,"Planner, модель и тесты",M2–M5,Поворот объекта и обе ветви IK на seed-выборке.,Проверено M5 для целевых yaw и симметрии,"Planner рассматривает доступные симметричные IK yaw-кандидаты, сохраняет одну elbow branch и ранжирует решения по нормированному joint-distance плюс singularity penalty; проверки включают yaw 0°, 30°, 45° и 90°."
SAFE-001,"Проверяются пределы положения, скорости и усилия приводов.","U-02 §1, §16; План M2–M5",Требование безопасности модели,Обязательное,Да,В журнале нет неразрешенных превышений; нарушение вызывает предусмотренную остановку.,"SSOT, controller, журнал",M2–M7,Анализ траекторий и fault injection.,Границы виртуальных исполнительных приводов и суставов проверены M7; перенос на физические приводы не заявляется,"M7 сравнил цели исполнительных профилей с SSOT, отслеживал ошибки суставов, использовал конечные скорости/усилия и проверил ограничения приводов физическими тестами и полными виртуальными циклами."
SAFE-002,"Планировщик учитывает все звенья, пальцы и переносимый объект на всем пути.",U-02 §3,Явное требование планирования,Обязательное,Да,При проверке дискретных состояний/границ нет запрещенной интерференции; шаг обоснован.,"Collision checker, график зазора",M5,"Проверка между waypoint, refinement шага и динамическая серия.",Проверено на сохранённых M5 планах; непрерывная гарантия не заявляется,"Для каждого отсчёта полного плана проверяются self/environment/object/payload пары, включая пальцы и груз. Baseline 1 mm и уточнённая сетка 0,5 mm дали одинаковые safety decision и route semantics; разность длины TCP пути 1,076 µm. Минимальная clearance lower bound изменилась на 1,161 mm и явно отмечена GRID_SENSITIVE. Thin-obstacle midpoint test PASS. Вывод относится к дискретным выборкам и не является непрерывной гарантией."
SAFE-003,"Если безопасный путь отсутствует, система отклоняет действие и регистрирует причину.","U-02 §10, §22",Требование безопасного отказа,Обязательное,Да,"Нет движения по траектории, которая не прошла проверки.","Planner, FSM, журнал",M5–M7,Контрпример с перекрытым путем.,Подтверждено M7: недопустимый маршрут отклоняется до движения,"Mixed-run GREEN был закрыт с причиной BRANCH_DISCONTINUITY до захвата, без ложного зачета; оставшиеся достижимые RED/BLUE были обработаны. Отказ пути не маскируется."
SAFE-004,"Повторы, timeout и ошибки камеры/IK/движения ограничены.",U-02 §22,Проектное требование,Обязательное,Да,Нет бесконечного ожидания; после лимита есть терминальный исход и причина.,"FSM config, логи",M6–M7,test_transient_planner_failure_has_one_bounded_retry; test_camera_failures_are_bounded_and_latch_safe_stop; test_cycle_timeout_without_payload_releases_reservations; test_recovery_failure_and_timeout_escalate_to_safe_stop; M7/M9.,Интеграционные fault-сценарии M7 пройдены; широкая приёмочная кампания остаётся M9,"35 M7 integration tests прошли. Проверены invalid/stale RGB (три устаревших кадра → SAFE_STOP на 0.03 s без команды приводу), invalid placement view, низкое трение, нулевая сила захвата, потеря удержания, отказ RELEASE, UNKNOWN, полная зона и недостижимый/заблокированный маршрут. Это виртуальные fault injections, не физические испытания."
SAFE-005,Safe-stop во время удержания не разжимает захват автоматически над неопределенной областью.,"U-02 §1, §22; риск R18",Проектное требование безопасности,Обязательное,Да,"В аварийном состоянии объект остается удержанным, если политика контакта допускает, иначе явно учитывается потеря.","FSM, contact model",M6–M7,test_safe_stop_holding_payload_preserves_slot_and_never_opens_gripper; test_safe_stop_without_payload_releases_reservations; test_safe_stop_reset_requires_explicit_safe_disposition; M7 actuator integration.,Динамический аварийный останов при подтвержденном удержании проверен в M7; перенос на реальную систему не заявляется,"Инъекция остановки после свежего двустороннего touch во время TRANSFER привела к SAFE_STOP/EMERGENCY_STOP; evaluator зафиксировал holding_state=true, no_automatic_release=true и поднятый груз в терминальном состоянии. Результат ограничен виртуальной моделью MuJoCo."
SAFE-006,"Допустимые контакты пальцев, целевого объекта и поверхности различаются по фазам; остальные контакты регистрируются.",План M1/M5,Проектное требование,Обязательно,Да,Фильтрация контактных пар явная; непредусмотренное столкновение не исключено из метрик.,"Collision/contact policy, отчет","M1, M5–M7",Контроль разрешенных пар и негативные сценарии.,Фазовая контактная политика M5 сверена с M7 моделью и выбранными сквозными прогонами,"M7 сохраняет открытые контакты пальцев, объекта и опоры; физический evaluator фиксирует контактные события. Вывод ограничен проверенными маршрутами и сценами, непрерывная гарантия отсутствия столкновений не заявляется."
SIM-001,Основная сцена исполняет физические суставные команды с конечной скоростью и контактом захвата.,"U-01, План M7",Пользовательское требование,Обязательно,Да,Объект не телепортируется и может быть потерян при заведомо неблагоприятной физике.,Модель симуляции,M7,Сквозные прогоны и отрицательные захваты.,Закрыто M7 для утвержденной виртуальной модели,Полная сцена MuJoCo исполняет конечные позиционные команды суставов и пальцев с лимитами усилия/скорости; объект удерживается контактами и после release взаимодействует с лотком/столом.
SIM-002,Одна управляющая логика используется в интерактивном и пакетном прогонах.,План M7,Проектное требование воспроизводимости,Обязательно,Да,"Различаются backend/renderer, но не политика действий без объявленной конфигурации.",Программная архитектура,M7,Сопоставление журналов режима GUI/DIRECT.,Сопоставление batch и interactive M7 завершено; физика и действия совпали,"single_red_center, seed 20260925: batch 4955e767ff и interactive 95a4e8b5eb. Совпали hashes, 16 482 control ticks, public RGB, события, планы, телеметрия, evaluator и конечные qpos/qvel (max diff 0). Viewer использует отдельные MjModel/MjData."
SIM-003,"Часы физики, управления, камеры и видеорендера не зависят друг от друга скрыто.",План M7/M8; U-02 §5,Требование корректной модели времени,Обязательно,Да,Выключение видео не меняет шаг физики и последовательность действий в допусках.,"Simulator config, лог частот",M7–M8,Сравнить одинаковый seed с рендером и без него.,Проверено M8 на паре одинакового seed; функциональная идентичность подтверждена для одного демонстрационного сценария; широкая оценка относится к M9.,"Запись ON: single_red_center-a213e5eae5; OFF: single_red_center-cfa3e29f6c; seed 20260925. Все 14 сравнений приняты: 16 482 такта, 164.81 s, одинаковые события/RGB/планы/телеметрия/evaluator; max abs diff qpos/qvel/time = 0. Wall time диагностический и не считается критерием детерминизма."
SIM-004,"Повтор прогона фиксирует seed, конфигурацию, версии и хеши исходников/модели.",U-01; План M7–M9,Пользовательское требование воспроизводимости,Обязательное,Да,Для каждого run_id сохранен полный manifest параметров.,"Run manifest, README",M7–M9,Повторить сохраненную команду и сверить результат в допуске.,Повторяемость seeded mixed-run подтверждена M7-v1.8 на текущем окружении,"Два batch-прогона mixed_random_three seed 20260928: 428.55 s модельного времени, 42 856 controller ticks, оба 3/3 физически размещенных объектов. Все 14 сравнений config/source hashes, событий, public RGB, телеметрии, планов, evaluator и состояния прошли; max qpos/qvel/time difference 0."
SIM-005,"3D-визуализация и MP4 получаются из исполнения той же симуляции, что и журналы.","U-01, U-02 §5; План M8",Пользовательское требование,Обязательное,Да,"Кадры/видео сопоставляются по run_id, времени и событиям с журналом.","MP4, кадры, лог",M8–M9,"Сверить начало/конец видео, событие укладки и временную шкалу; выполнить SHA-256 lineage audit, сверить число декодированных кадров, состояний и записи state stream.",Принято на демонстрационном запуске M8; не является приемочной статистикой M9.,"MP4 и кадры построены из state stream run single_red_center-a213e5eae5. Manifest связывает run/seed, simulation time, event IDs, code/config hashes, проверяемый снимок pre-recording manifest и SHA-256 всех M7 relative_outputs; 826/826 кадров, 0 пропусков. Машиночитаемая проверка: 06_Медиа/проверка_записи/single_red_center-a213e5eae5/Проверка_целостности.json."
TEST-001,Приемочные сценарии и criteria фиксируются до запуска итоговой кампании.,"U-02 §11, §6; План M9",Процессное требование испытаний,Обязательное,Да,Версия методики и критериев сохранена до первого приемочного результата.,"Методика, campaign config","M0, M9",Проверить timestamp/hash против run manifest.,Структура зафиксирована M0; числа в M9,Не менять критерии для красивой статистики.
TEST-002,"Тестируются отдельный объект, смешанная партия, случайные позиции и последовательности цветов.",U-02 §6; План M9,Пользовательское требование к сценариям,Обязательное,Да,"Для каждого сценария есть seed, условия, лог и результат.","Сценарии, raw logs, таблицы",M9,Run IDs и автоматические метрики.,Открыто до M9,Число прогонов утвердить до запуска.
TEST-003,"Тестируются граница области, недостижимый объект и суставные ограничения.",U-02 §6,Пользовательское требование к сценариям,Обязательное,Да,Достигнутые/отклоненные цели классифицированы по фактической достижимости.,"Logs, IK/planner metrics",M9,Truth evaluator и суставные ограничения.,Открыто до M9,Недоступность не превращается в ошибочную попытку.
TEST-004,"Тестируются неизвестный цвет, шум/свет, перекрытие и невалидный кадр.",U-02 §6; План M4/M9,Пользовательское требование к сценариям,Обязательное,Да,Неуверенная/невалидная детекция имеет раздельный outcome и безопасную реакцию.,"Сенсорные выборки, отчеты, логи","M4, M9","Матрица ошибок, UNKNOWN и логи состояний.",Открыто до M9,Настроечная выборка отделена от итоговой.
TEST-005,"Тестируются провал захвата, проскальзывание, потеря объекта и пустое место/заполненная зона.",U-02 §5–6,Пользовательское требование к сценариям,Обязательное,Да,Негативные исходы действительно воспроизводятся и корректно классифицируются.,"Сценарии, contact logs, анализ","M7, M9",Сопоставление сигналов захвата и ground truth.,Открыто до M9,Не скрывать неудачные попытки.
TEST-006,Проверяются столкновения и отсутствие collision-free path.,"U-02 §1, §6",Пользовательское требование к сценариям,Обязательное,Да,Запрещенные контакты и нулевой безопасный путь вызывают правильную реакцию.,"Логи контактов, отчеты planner","M5, M9",Оценщик движка и проверка планировщика.,Частично выполнено M5; полный acceptance набор принадлежит M9,"M5 включает collision-safe отказ COLLISION_GRASP, thin-obstacle midpoint test между свободными endpoints и сравнение baseline 1 mm с 0,5 mm: результат preflight и семантика маршрута совпали, численный минимум зазора изменился на 1,161 mm (GRID_SENSITIVE). Широкая статистическая кампания и разнообразие тестов принадлежат M9."
TEST-007,"Сортировка, завершение партии, безопасный отказ и провал считаются отдельно.",U-02 §10,Явное пользовательское требование к метрикам,Обязательное,Да,"Таблицы имеют разные метрики, четкие определения и знаменатели.","Методика M9, analyzer","M0, M9",Контрольные контрпримеры к анализатору.,Зафиксировано M0,Безопасный отказ не идет в числитель сортировки.
TEST-008,Метрики строятся из сырых логов; таблицы и графики воспроизводимы.,"U-01, План M9",Пользовательское требование к доказательствам,Обязательное,Да,Единый анализатор пересоздает опубликованные сводки и визуализации.,"Raw logs, analyzer, CSV, plots",M9–M12,Повторный расчет и точечная сверка с прогонами.,Открыто до M9,Данные не вводятся вручную.
TEST-009,"Размер выборки, seed, вариации и учет зависимости объектов фиксируются до кампании.",План M9; U-02 §6,Проектное требование эксперимента,Обязательно,Да,"В отчете указаны независимые единицы наблюдения, N, seed и неопределенность.","Методика, campaign.yaml",M9,Проверка манифеста и анализатора.,Структура зафиксирована; параметры M9,Не заявлять корреляционные объекты независимыми прогонами.
DOC-001,Финальная записка формируется после получения и анализа виртуальных испытаний.,План M10; U-01,Процессное требование,Обязательное,Да,Таблицы и заключение ссылаются на завершенные run IDs.,DOCX/PDF,M10,Перекрестная сверка текста с отчетом M9.,Запланировано,Записка в M0 не начиналась.
DOC-002,"Финальная презентация согласуется с запиской, моделью, кодом и данными.",План M11; U-01,Процессное требование,Обязательное,Да,"Нет расхождения в числах, архитектуре и трактовке результатов.","PPTX/PDF, отчет проверки",M11–M12,Матрица ключевых параметров и визуальный аудит.,Запланировано,Презентация в M0 не начиналась.
DOC-003,"В комплект входят инструкции запуска, зависимости и редактируемые исходники нужных материалов.","U-01, План M12",Пользовательское требование к комплекту,Обязательное,Да,Другой человек выполняет README в чистой распакованной копии.,"README, lock, source assets",M1–M12,Пошаговый чистый запуск и перечень файлов.,Запланировано,Официальный формат передачи пока unknown.
DOC-004,DOCX/PDF и PPTX/PDF проверяются визуально после последней редакции.,U-01; План M10–M12,Требование качества,Обязательное,Да,"Все страницы/слайды просмотрены; нет обрезаний, сломанных медиа или старых экспортов.","DOCX/PDF/PPTX, приемка",M10–M12,Рендер/открытие целевой программой с отчетом ограничений.,Запланировано,"Не заявлять проверку программы, если ее нет."
DOC-005,Финальная папка/ZIP содержат только согласованные версии и манифест контрольных сумм.,U-01; План M12,Требование передачи,Обязательное,Да,"Распакованный архив проходит hash, структуру и smoke-run.","Финальная папка, ZIP, SHA-256",M12,Независимая проверка staging-копии.,Запланировано,Временные результаты не смешивать.
EVD-001,Для каждой значимой строки требования указан будущий артефакт и способ доказательства.,U-02 §8–9,Процессное требование трассируемости,Обязательное,Да,"Нет существенной строки без владельца, файла или проверки.",Матрица требований,M0–M12,Скриптовая/ручная трассировка до финальных файлов.,Зафиксировано M0,Текущая матрица не содержит результатов будущих тестов.
EVD-002,"Изменения параметров имеют причину, версию и список затронутых материалов/проверок.","План M0 §4.2, U-02 §17",Процессное требование управления изменениями,Обязательное,Да,Изменение SSOT связано с историей и повторным прогоном зависимых проверок.,"Журнал изменений, SSOT, audit",M0–M12,Проверка ссылок/хешей и impact list.,Зафиксировано M0,Старые run results сохраняются под исходной версией.
EVD-003,"Источник иллюстраций, моделей и исходников фиксируется, а лицензии учитываются.",План M1/M10,Инженерное/документальное требование,Обязательное,Да,"Для каждого внешнего ресурса есть автор, источник, лицензия и способ использования.","Источники.csv, README",M1–M12,Аудит поставляемых assets.,Источник модели определен M1; контроль активов повторять M2/M12,Выбрана собственная MJCF учебная модель без сторонних mesh/assets; лицензии зависимостей включить в итоговый инвентарь.
EVD-004,"Любая камера/дополнительный датчик, используемая контроллером, явно отражена в архитектуре и конфигурации.","U-02 §2, §19; План M1",Проектное требование интерфейсов,Обязательное,Да,Нет недокументированного канала truth data; каждый вход имеет измерение/модель.,"Архитектура, interface spec",M1–M7,Перечень входов controller и code review.,Закрыто M7: обе камеры и разрешенные измерения явно описаны и сконфигурированы,"SSOT и Sensor Architecture задают overhead_rgb и placement_rgb с отдельными calibration IDs; оба вида синхронны и передают RGB, а не engine truth."
OFF-001,"Официальное задание: формальная тема, цель, задачи, объект/предмет, обязательный технический объем и критерии преподавателя должны быть извлечены дословно, если задание будет предоставлено.","Официальное индивидуальное задание, методические указания и шаблон в новой папке не найдены; см. 00_Исходные_материалы/Реестр_исходников.md",Неизвестное официальное требование,Не установлена,После получения источника,"Сверить каждый пункт задания с матрицей и scope; неизвестные пункты оставить UNKNOWN, рекомендации не объявлять официальными.","Реестр исходников, Требования.md, Матрица_требований.csv",M0–M1,Файл задания с точными страницами/пунктами и обновленная трассировка; если файл не предоставлен — зафиксированное отсутствие.,UNKNOWN — источник не найден,"Текущая рабочая тема подтверждена пользователем, а не официальным заданием."
OFF-002,"Обязательная структура курсовой и обязательные разделы/приложения, если они установлены методическими указаниями.","Официальное индивидуальное задание, методические указания и шаблон в новой папке не найдены; см. 00_Исходные_материалы/Реестр_исходников.md",Неизвестное официальное требование,Не установлена,После получения методички,Извлечь структуру и сопоставить с планом; при отсутствии документа сохранить UNKNOWN.,"Требования.md, Состав_комплекта.md, DOCX","M0–M1, M10",Методичка с разделами/пунктами и таблица соответствия; при отсутствии — запись о непредоставлении.,UNKNOWN — источник не найден,"План M0–M12 — пользовательский процессный план, не заменяющий кафедральную методичку."
OFF-003,Официальный титульный лист и обязательные административные поля/их актуальные значения.,"Официальное индивидуальное задание, методические указания и шаблон в новой папке не найдены; см. 00_Исходные_материалы/Реестр_исходников.md",Неизвестное официальное требование,Не установлена,После получения задания/шаблона,Сверить текущие реквизиты и роли с новым официальным шаблоном; не подтвержденные поля не заполнять предположением.,"реквизиты.yaml, Реквизиты_и_источники.md, DOCX","M0, M10",Официальный шаблон или указание с источником каждого поля.,UNKNOWN — источник не найден,Перенесенные реквизиты из прошлой работы остаются кандидатами до проверки.
OFF-004,"Требования к оформлению записки: поля, шрифты, интервалы, нумерация, подписи, список источников и правила цитирования.","Официальное индивидуальное задание, методические указания и шаблон в новой папке не найдены; см. 00_Исходные_материалы/Реестр_исходников.md",Неизвестное официальное требование,Не установлена,После получения методички,Каждый параметр оформления имеет ссылку на официальный пункт либо явно помечен как рабочая рекомендация.,"Требования.md, DOCX, PDF","M0, M10","Чек-лист оформления, ссылающийся на страницы/пункты методички.",UNKNOWN — источник не найден,Типовые нормы из сети не считаются требованием этой работы.
OFF-005,"Официальные ограничения объема работы и минимального/обязательного числа таблиц, рисунков, приложений или источников.","Официальное индивидуальное задание, методические указания и шаблон в новой папке не найдены; см. 00_Исходные_материалы/Реестр_исходников.md",Неизвестное официальное требование,Не установлена,После получения задания/методички,Зафиксировать применимые количественные нормы либо оставить их UNKNOWN без выдумывания минимального числа.,"Требования.md, DOCX, приемка M10","M0, M10",Официальный пункт с объемом/количеством и финальная проверка соответствия.,UNKNOWN — источник не найден,Содержательную достаточность оценивает инженерный план; она не является официальной нормой.
OFF-006,"Требования к защите: формат выступления, длительность, число/формат слайдов и обязательные сведения.","Официальное индивидуальное задание, методические указания и шаблон в новой папке не найдены; см. 00_Исходные_материалы/Реестр_исходников.md",Неизвестное официальное требование,Не установлена,После получения задания/указаний,Сопоставить презентацию и доклад с официальными ограничениями; до их получения не фиксировать лимит слайдов/времени.,"реквизиты.yaml, презентация, заметки докладчика","M0, M11",Официальное указание и лист проверки финальной презентации.,UNKNOWN — источник не найден,Пользователь запросил PPTX; точные правила защиты не подтверждены.
OFF-007,"Требования к видео: обязательность, формат, длительность, содержание, кодек, способ передачи/воспроизведения.","Официальное индивидуальное задание, методические указания и шаблон в новой папке не найдены; см. 00_Исходные_материалы/Реестр_исходников.md",Неизвестное официальное требование,Не установлена,После получения задания/методички,Зафиксировать требуемые параметры только по источнику; пока MP4 является целевым проектным материалом пользователя.,"Состав_комплекта.md, README, MP4","M0, M8, M11",Источник требования и проверка видео по указанным параметрам.,UNKNOWN — источник не найден,Точное техническое требование к кодеку/длительности неизвестно.
OFF-008,"Допустимые/обязательные средства разработки, языки программирования, среды моделирования или ограничения на сторонние библиотеки, если они установлены кафедрой.","Официальное индивидуальное задание, методические указания и шаблон в новой папке не найдены; см. 00_Исходные_материалы/Реестр_исходников.md",Неизвестное официальное требование,Не установлена,После получения задания/указаний,До выбора M1 средств проверить по официальному документу; при отсутствии — выбирать по реализуемости и фиксировать как проектное решение.,"Требования.md, архитектура, зависимости",M0–M1,Официальный пункт либо зафиксированное отсутствие ограничений в доступных материалах.,UNKNOWN — источник не найден,"M0 не выбирает движок, язык или библиотеку."
OFF-009,"Официальная система оценивания, критерии приемки и способ/формат передачи итогового комплекта.","Официальное индивидуальное задание, методические указания и шаблон в новой папке не найдены; см. 00_Исходные_материалы/Реестр_исходников.md",Неизвестное официальное требование,Не установлена,После получения задания/методички,Сопоставить проектные доказательства с официальными критериями; передачу организовать по подтвержденному каналу и перечню.,"Матрица требований, методика M9, README, ZIP","M0–M1, M9, M12",Рубрика/инструкция передачи и итоговая таблица соответствия.,UNKNOWN — источник не найден,"При отсутствии рубрики используются проектные критерии M0/M9, явно помеченные как инженерные."
ARC-005,Базовая рука — стационарный SCARA R–R–P–R с четырьмя координатами руки и одной координатой симметричного захвата.,Промт M1 §3–6; План M1; Решение M1-ADR-01,Зафиксированное проектное решение,Обязательное для базовой конфигурации,Да,"Схема и число независимых координат одинаковы в архитектуре, MJCF, расчетах и документах.","Архитектура, SSOT, MJCF, FK/IK, DOCX/PPTX",M1–M3; повторно M12,Проверка topology/coordinate count по SSOT и модели.,Принято M1,Фиксация топологии не доказывает достижимость; проверяется после задания геометрии в M2–M3.
OBJ-001,"Базовые объекты — одинаковые однослойные низкие призмы квадратного сечения трех цветовых классов: красный, зеленый и синий; поворот вокруг Z может меняться.",План M1 §2; Промт M1 §6–7; Решение M1-ADR-02,Проектное решение,Обязательное для базовой постановки,Да,Все экземпляры имеют одну зафиксированную геометрию/массу в SSOT; классы и диапазон pose заданы сценариями.,"SSOT, модель сцены, конфигурации испытаний",M1 концепция; точные параметры M2; сценарии M9,Сверить объектную модель и конфигурацию сценария.,Принято M1; размеры и масса M2,Квадратная симметрия учитывается при сравнении yaw; численные габариты/масса пока не выбраны.
PER-009,Класс/цвет и планарное положение объекта оцениваются по кадру одной фиксированной верхней виртуальной RGB-камеры; прямые поля движка контроллеру недоступны.,Промт M1 §8–10; M0 Информационные_границы_и_отказы; Решение M1-ADR-02,Проектное решение и граница данных,Обязательное для базовой конфигурации,Да,Контроллерный интерфейс содержит raw RGB/разрешенные датчики; truth-поля доступны только evaluator.,"Сенсорный adapter, perception, конфиг, логи, тест границы доступа",M1 выбор; калибровка M2/M4; аудит M7/M12,Интеграционный тест и код-ревью интерфейсов.,Уточнено M7: overhead RGB для входной области + отдельный public placement RGB для лотков,"M1 фиксировал одну верхнюю input camera. M7 добавил отдельный фиксированный вид лотков, поскольку M4 ROI их не покрывает; оба используют RGB-only public adapters и раздельные planar calibrations (z=0.016/0.020 m). Добавление зарегистрировано в SSOT, sensor architecture и M07; evaluator truth запрещен."
GRP-001,Захват выполняется двухпальцевым параллельным контактом с одним управляемым раскрытием и симметричной связью пальцев; объект не присоединяется к TCP.,Промт M1 §17–22; M0 информационная граница; Решение M1-ADR-05,Проектное решение,Обязательное для базовой конфигурации,Да,В финальной модели нет object-weld/attach; независимый evaluator подтверждает подъем/удержание/release по физическому телу.,"MJCF, контроллер, логи захвата, SSOT",M1 механизм; M2 геометрия; M6–M7 реализация,M6: test_nominal_cycle_requires_public_hold_and_place_evidence and grasp failure/unknown-hold cases; M7: dynamic contact/retention integration and model checks.,Подтверждено M7 для контактной модели MuJoCo; реальная сборка отсутствует,"В M7 конечные пальцы закрывают, удерживают, переносят и отпускают объекты физическими контактами; объект не присоединяется к TCP. Успех подтвержден пост-run независимым evaluator для отдельных цветов."
SIM-006,Основной движок проекта — MuJoCo 3.14.0 с CPython 3.12.10 x64; direct dependencies стендов закреплены.,План M1; Промт M1 §11–27; Решение M1-ADR-03/06,Проектное решение,Обязательное для базовой программной конфигурации,Да,Чистое окружение устанавливает закрепленные direct requirements и выполняет M1 probes; версия записана в run manifest.,"requirements, lock, README, модель, логи",M1 выбор; M7–M8 интеграция; M12 clean acceptance,Переустановка и повтор ключевых запусков.,Изолированная Python 3.12.10 среда и финальные M7/upstream регрессии прошли на ПК разработки,"35 integration tests + upstream: M3 kinematics 23, M4 perception 10, M5 planning 24, M6 controller 46; M2 SSOT/MJCF validator PASS. MuJoCo 3.14.0, NumPy 2.5.3. Другой ПК и graphics backend не проверялись; см. R30."
SIM-007,Модель руки и ячейки создается как собственный учебный MJCF source; внешние робот-активы не добавляются без регистрации происхождения и лицензии.,План M1; Промт M1 §28–30; Решение M1-ADR-04,Проектное решение и ограничение provenance,Обязательное для базовой модели,Да,Каждый внешний mesh/texture имеет запись источника/лицензии; собственные источники сохраняются редактируемыми.,"MJCF, реестр активов, SSOT",M1 выбор; M2 модель; проверка M12,Инвентаризация подключенных assets и исходников.,Принято M1,"M1 probes используют собственные XML-модели, не модель конечного робота."
SYS-001,"Мировая система координат правая, плоскость стола XY, +Z вверх; единицы длины/времени/углов — m/s/rad; изображение u вправо, v вниз, RGB.",Промт M1 §38; Решение M1-ADR-01/02; Интерфейсы M1,Проектное соглашение,Обязательное для межмодульного обмена,Да,"Оси и единицы явно совпадают в SSOT, MJCF adapter, perception и графиках.","Интерфейсы, SSOT, модель, CV/кинематика",M1 концепция; точные frame transforms M2; проверка M3/M4/M12,Тест преобразования базовых точек и ревью единиц.,Закрыто M2,"В SSOT и MJCF закреплены правый WORLD, XY-стол, +Z вверх, единицы SI, RGB image axes и преобразование CAM_CV→WORLD."
SCP-004,"В базовой области нет физической сборки, реальной электроники, Arduino и физических испытаний, пока обратное не подтверждено заданием преподавателя.",M0 Границы_проекта; Промт M1 §39; Решение M1-ADR-07,Рабочее допущение/ограничение области,Временно обязательно,Да,В технических текстах и результатах физическое изготовление/измерения не заявляются; обнаруженное официальное требование регистрируется до продолжения.,"Границы, программа, записка, приемка",M0–M12; контроль официальных источников M10/M12,Поиск формулировок и проверка реестра исходников.,Подтверждено доступными материалами M1; официальное задание UNKNOWN,Отсутствие задания в папке не доказывает отсутствие кафедрального требования.
FEA-001,"Перед выбором основной среды изолированно проверяются установка, revolute/prismatic управление, RGB рендер, физический контактный захват, чувствительность и MP4 round trip.",План M1 §§6–8; Промт M1 §§13–24,Процессное/верификационное требование,Обязательное для выбора среды,Да,"Каждый case имеет сохраненные настройки, машинный исход и воспроизводимую команду; негативные случаи отмечены отдельно.","Feasibility_Matrix.csv, JSON, протокол M1, исходники стенда",M1,"Чистый venv, повтор запуска, проверка таблицы против JSON и декодирование видео.",Выполнено на M1 для выбранного движка,"Это tool-feasibility, не испытание системы сортировки."
DOC-006,"Пояснительная записка должна следовать визуальному стилю переданного пользователем DOCX-референса, сохраняя только его оформление; текст, тема, ФИО и даты берутся из текущего проекта, неподтвержденные даты не выдумываются.","Прямое пользовательское указание от 27.09.2026; Документ к курсовому проекту.docx, SHA-256 7BB3BE76C347ADBBB7EAFF55BA08F58954FD09E72433C36B1BE3BBD5A913F6B0",Пользовательское требование к оформлению,Обязательное для M10,Да,"Титульный лист, типографика, поля, заголовки, колонтитулы и таблицы визуально соответствуют референсу; демонстрационное содержание референса отсутствует; даты и ФИО соответствуют текущему реестру.","DOCX, PDF, очищенная основа стилей, отчет постраничной проверки",M10,Сверка исходника шаблона и финального PDF постраничным визуальным аудитом; поиск старых имен и темы в DOCX/PDF.,Выполнено M10; проверено по финальному экспорту 27.09.2026,Референс задает визуальный язык по указанию пользователя; официальные кафедральные нормы из него не выводятся.
