ID,Ошибка/сигнал,Обнаружение,Реакция,Резервации,Событие/reason,Retry/эскалация,Test case,M7 interface note
ERR-001,Нет/невалиден/устарел кадр M4,OBSERVE получает batch со статусом/временем вне контракта.,Ограниченный повтор; после 3 последовательных ошибок защёлкнуть SAFE_STOP.,Активных резервов нет; если ошибка в активном цикле — M6 не открывает захват.,PERCEPTION_FAILURE / CAMERA_FAILURE_LIMIT,3 последовательных ошибки; валидная сцена сбрасывает счётчик.,test_camera_failures_are_bounded_and_latch_safe_stop; test_stale_frame_is_rejected_before_selection,M7 предоставляет монотонные frame_id и simulation_time.
ERR-002,Сцена содержит OCCLUDED или конфликтующие треки,M4 batch отмечен неполным либо дублирующий track ID имеет разные данные.,Повторно наблюдать; дубликаты схлопнуть только при согласованном треке; конфликт закрыть отказом.,До SELECT резерв не создаётся.,SCENE_INCOMPLETE / DUPLICATE_TRACK_COLLAPSED,Ограничено max_scene_uncertainty_frames=3.,test_conflicting_duplicate_track_fails_closed_instead_of_double_counting; test_same_m4_track_duplicates_collapse_before_reservation,Не использовать evaluator object ID для track repair.
ERR-003,Пустая валидная сцена,Свежий M4 кадр имеет OK/NO_CANDIDATES и ноль detections.,Считать только distinct frame_id; DONE после 3 подряд.,Нет.,EMPTY_SCENE_OBSERVED / BATCH_EMPTY_CONFIRMED,Счетчик сбрасывается обнаружением объектов; timeout не равен пустой сцене.,test_valid_empty_scene_is_not_treated_as_camera_failure; test_done_means_controller_terminated_not_all_items_sorted,"Это завершение batch, не 100% sorting success."
ERR-004,Цвет UNKNOWN,status/class_label M4 равны UNKNOWN.,"Не выбирать и не связывать с зоной; ждать 2 distinct кадра, затем SKIPPED_UNKNOWN.",Нет.,UNKNOWN_COLOR_OBSERVED / TRACK_SKIPPED,Повтор ограничен unknown_confirm_frames=2.,test_unknown_is_never_mapped_to_a_sorting_zone,"M5 допускает такой трек только как геометрическое препятствие, не как target."
ERR-005,Нет свободного слота нужного цвета,До захвата free_slots(class)=empty или M5 сообщает slot conflict.,Пропустить цель/класс; не выдавать motion-команду.,Освободить track; при SLOT_INVALID/OCCUPIED зарезервированный слот карантинировать.,TRACK_SKIPPED / PLAN_REJECTED,Автоматический повтор без изменения публичного состояния запрещен.,test_all_slots_full_yields_safe_skip_without_planning_or_fake_placement,M7 должен передавать публичную начальную занятость слотов.
ERR-006,Временный отказ M5,"TIMEOUT, STALE_DETECTION или SCENE_UNCERTAIN.","Освободить резервы, обновить наблюдение, повторить максимум один раз.",Освободить оба резерва.,PLAN_RETRY_SCHEDULED,controller.max_plan_retries=1 на track.,test_transient_planner_failure_has_one_bounded_retry,M5 compute wall-time и M6 simulation-time watchdog различаются.
ERR-007,Постоянный отказ M5: unreachable/коллизия/лимит/маршрут,Неуспешный PlanResult вне transient/fatal/slot-conflict групп.,Не двигаться; отметить SKIPPED_UNREACHABLE и рассмотреть следующую цель.,Освободить track и slot.,PLAN_REJECTED / TRACK_SKIPPED,Не повторять детерминированный геометрический отказ.,test_permanent_planner_failure_releases_reservations_and_skips_track; test_problematic_candidate_does_not_starve_next_candidate,M5 остается единственным planner.
ERR-008,Фатальная ошибка/несовпадение контракта M5,Некорректная модель/SSOT/версия/порядок фаз/события/геометрия Plan.,Немедленно SAFE_STOP до первого motion command.,Без груза — освободить; неизвестный/удерживаемый груз — сохранить.,SAFE_STOP,Повтора нет без нового run/config.,test_m5_plan_with_reordered_phases_is_rejected_before_motion; test_m5_plan_without_release_marker_is_rejected_before_motion,"Plan must match exact active frame, track, class, slot and hashes."
ERR-009,No-hold после тестового подъёма,Свежий разрешенный датчик сообщает holding=false после LIFT.,"Ограниченный OPEN_AND_RETREAT_NO_PAYLOAD, освободить резервы, повторить цель до бюджета.",Освободить; slot не занят.,GRASP_FAILED / RECOVERY_REQUESTED,Максимум 2 grasp attempts; recovery один раз на recovery episode.,test_grasp_failure_uses_bounded_recovery_without_claiming_hold; test_grasp_attempt_budget_stops_after_one_bounded_retry,Использовать только finger contact/effort proxy.
ERR-010,Hold неизвестен/устарел после подъема,Нет свежего разрешенного сигнала или источник запрещен.,SAFE_STOP и удержание захвата; no-hold не выводить из старого false.,Сохранить track и slot.,HOLD_EVIDENCE_TIMEOUT_UNKNOWN / SAFE_STOP,Повтор захвата запрещен без свежего false.,test_hold_verification_timeout_with_no_fresh_sensor_is_safe_stop; test_grasp_execution_failure_with_unknown_hold_latches_safe_stop,M7 обязан помечать timestamp/source/valid.
ERR-011,Удержание потеряно/устарело при TRANSFER или PLACE,Fresh false либо срок hold evidence превысил 0.04 s.,"Защелкнуть SAFE_STOP, отменить дальнейшее движение и не отпускать автоматически.",Slot QUARANTINED; при unknown цикл остается диагностически активен.,PUBLIC_HOLD_SIGNAL_LOST / PUBLIC_HOLD_SIGNAL_STALE_OR_UNKNOWN,Без повтора.,test_lost_payload_during_transfer_quarantines_slot_and_stops; test_stale_hold_signal_during_transfer_latches_safe_stop,Не подменять потерю по evaluator ground truth.
ERR-012,Сбой выполнения движения,command_id/status/timestamp в ExecutionFeedback.,В approach/descent — recovery только при свежем подтверждении пустого захвата; возможный груз — SAFE_STOP.,No-payload recovery releases; uncertain hold preserves.,EXECUTION_FAILED / SAFE_STOP,State/cycle timeouts конечны; stale command ID игнорируется.,test_execution_failure_without_payload_releases_reservations; test_descend_execution_failure_with_fresh_no_hold_enters_recover; test_grasp_execution_failure_with_fresh_no_hold_enters_recover; test_grasp_execution_failure_with_unknown_hold_latches_safe_stop; test_retreat_execution_failure_recovers_without_reclassifying_placed_track,M7 обеспечивает stop/hold adapter.
ERR-013,Захват не подтвержден датчиком после закрытия,Свежий публичный сенсорный сигнал false; закрытие пальцев само по себе не считается успехом.,Только тогда выполнить bounded recovery; stale/unknown — SAFE_STOP.,Освободить на подтвержденном no-hold; сохранить на uncertain.,GRASP_FAILED / HOLD_CONFIRMED,2 попытки на цель.,test_grasp_attempt_budget_stops_after_one_bounded_retry,Не читать истинную позицию объекта или контакты evaluator.
ERR-014,Release не подтвержден пустым захватом,После команды RELEASE не поступает свежий false.,"Остаться в RELEASE до timeout, затем SAFE_STOP; не объявлять VERIFY_PLACE.",Сохранить slot reservation.,RELEASE_WAITING_FOR_EMPTY_GRIPPER / RELEASE_STATE_UNCERTAIN,controller.gripper_release_confirmation_timeout_s=0.25 s.,test_release_confirmation_timeout_preserves_slot_and_stops,M7 public sensor must cover release transition.
ERR-015,Placement evidence запрещен/устарел/неоднозначен,"Источник evaluator, старый frame_id, не-новый кадр или низкая уверенность.",Игнорировать и ждать публичную камеру до bounded timeout.,Slot сохраняется RESERVED до исхода; при timeout — QUARANTINED.,PLACE_EVIDENCE_IGNORED / PLACE_EVIDENCE_INCONCLUSIVE,Не повторять release/placement.,test_evaluator_only_placement_evidence_is_ignored; test_place_timeout_quarantines_instead_of_counting_success,Evaluator полностью отделен от controller.
ERR-016,Неверные class/zone/slot или placement timeout,Публичное наблюдение не совпало с резервом или не появилось до 0.5 s.,Не подтверждать сортировку; quarantine slot; безопасно отойти/зафиксировать отказ.,Slot QUARANTINED.,PLACEMENT_NOT_CONFIRMED / PLACE_NOT_VERIFIED,Без повторного отпускания.,test_place_timeout_quarantines_instead_of_counting_success,Истинная зона используется только независимым evaluator.
ERR-017,Cycle или batch timeout,simulation_time превышает deadline цикла/пакета.,No-payload — bounded recovery; возможный payload — SAFE_STOP.,При no-payload освободить; при held/unknown сохранить.,CYCLE_TIMEOUT_NO_PAYLOAD / SAFE_STOP,Cycle = duration_M5*1.5+30 s; batch = 1800 s.,test_cycle_timeout_without_payload_releases_reservations; test_verify_place_cycle_timeout_enters_recover_without_claiming_sort,Не использовать wall clock/FPS.
ERR-018,Время симуляции нечисловое или пошло назад,Input.simulation_time_s не finite/monotonic.,Защелкнуть SAFE_STOP.,По состоянию публичного удержания.,INVALID_SIMULATION_TIME / SIMULATION_TIME_REGRESSION,Сброс только оператором после безопасного разрешения.,test_simulation_clock_regression_latches_stop,Время всех интерфейсов — единые simulation seconds.
ERR-019,Recovery не завершился или состояние руки неизвестно,"Feedback FAILED, timeout, invalid arm/gripper state или holding не false.",SAFE_STOP; отметить исход объекта SAFE_FAILURE.,Не считать slot свободным при удержании/неопределенности.,RECOVERY_FAILED_OR_STATE_UNKNOWN / RECOVERY_TIMEOUT,Одна попытка на episode; новая допускается после успешного recovery.,test_recovery_failure_and_timeout_escalate_to_safe_stop,План recovery физически реализуется только M7.
ERR-020,Аварийная остановка,Внешний emergency_stop из любого активного состояния.,"Защелкнуть SAFE_STOP, очистить активный command, не выдавать plan/release.",При held сохранять резерв; при подтвержденном empty освобождать; unknown не трактовать как empty.,SAFE_STOP,Сброс только с operator_reset + payload_safely_resolved + valid state.,test_emergency_stop_latches_from_every_active_state; test_safe_stop_reset_requires_explicit_safe_disposition,Физическая остановка M7 adapter не реализуется в M6.
