node_id,node_name,parent,representation,dimensions_or_geometry,mass_kg,com_local_m,inertia_local_kg_m2_Ixx_Iyy_Izz_Ixy_Ixz_Iyz,joint_or_fixed,limits,collision_notes,origin_and_source
LINK1,link1,WORLD,parameterized MJCF rigid body,link1_tube:open_rect_tube; link1_connector:solid_box; elbow_plate:solid_box,0.156398720,"[0.162940346, 0.0, 0.0]","[6.058354e-05, 0.000907134048, 0.000936161268, 0.0, 0.0, 0.0]",j1_shoulder hinge,J1 ±π rad,Separate visual and collision geoms; adjacent mechanical pair exclusions explicit,calculated from SSOT primitive geometry and PLA density; simplified virtual model
LINK2,link2,link1,parameterized MJCF rigid body,link2_tube:open_rect_tube; link2_connector:solid_box; z_guide:open_rect_tube,0.140318400,"[0.148528632, 0.0, 0.0]","[0.000161862011, 0.000708047313, 0.000633153148, 0.0, 0.0, 0.0]",j2_elbow hinge,J2 ±150 deg,Separate visual and collision geoms; adjacent mechanical pair exclusions explicit,calculated from SSOT primitive geometry and PLA density; simplified virtual model
Z_SLIDE,z_slide,link2,parameterized MJCF rigid body,z_carriage:closed_rect_shell; z_upper_rod:open_rect_tube; z_lower_rod:open_rect_tube,0.037537280,"[0.0, 0.0, 0.000293869]","[4.1413737e-05, 4.1413737e-05, 1.1103205e-05, 0.0, 0.0, 0.0]",j3_lift slide,J3 0..0.097 m,Separate visual and collision geoms; adjacent mechanical pair exclusions explicit,calculated from SSOT primitive geometry and PLA density; simplified virtual model
WRIST,wrist,z_slide,parameterized MJCF rigid body,wrist_hub:solid_cylinder_z; palm:closed_rect_shell,0.044290779,"[0.0, 0.0, 0.01]","[1.2092737e-05, 9.763918e-06, 2.0396876e-05, 0.0, 0.0, 0.0]",j4_wrist hinge,J4 ±π rad,Separate visual and collision geoms; adjacent mechanical pair exclusions explicit,calculated from SSOT primitive geometry and PLA density; simplified virtual model
FINGER_LEFT,finger_left,wrist,parameterized MJCF rigid body,finger_left_geom:solid_box,0.004464000,"[0.0, 0.0, 0.0]","[5.0592e-08, 1.3764e-06, 1.352592e-06, 0.0, 0.0, 0.0]",j5_finger_left slide,q 0..0.027 m,Separate visual and collision geoms; adjacent mechanical pair exclusions explicit,calculated from SSOT primitive geometry and PLA density; simplified virtual model
FINGER_RIGHT,finger_right,wrist,parameterized MJCF rigid body,finger_right_geom:solid_box,0.004464000,"[0.0, 0.0, 0.0]","[5.0592e-08, 1.3764e-06, 1.352592e-06, 0.0, 0.0, 0.0]",j6_finger_right slide + equality,q 0..0.027 m; q_right=q_left,Separate visual and collision geoms; adjacent mechanical pair exclusions explicit,calculated from SSOT primitive geometry and PLA density; simplified virtual model
OBJ-RED-01,object_red_01,WORLD freejoint,free rigid rectangular cuboid,"[0.028, 0.028, 0.016]",0.015554560,"[0,0,0]","[1.348062e-06, 1.348062e-06, 2.032463e-06, 0.0, 0.0, 0.0]",freejoint,free; destination checked by evaluator,"Object/table, object/tray and object/finger contacts remain active",calculated from solid PLA cuboid and TDS density; colors affect rendering only
OBJ-RED-02,object_red_02,WORLD freejoint,free rigid rectangular cuboid,"[0.028, 0.028, 0.016]",0.015554560,"[0,0,0]","[1.348062e-06, 1.348062e-06, 2.032463e-06, 0.0, 0.0, 0.0]",freejoint,free; destination checked by evaluator,"Object/table, object/tray and object/finger contacts remain active",calculated from solid PLA cuboid and TDS density; colors affect rendering only
OBJ-GREEN-01,object_green_01,WORLD freejoint,free rigid rectangular cuboid,"[0.028, 0.028, 0.016]",0.015554560,"[0,0,0]","[1.348062e-06, 1.348062e-06, 2.032463e-06, 0.0, 0.0, 0.0]",freejoint,free; destination checked by evaluator,"Object/table, object/tray and object/finger contacts remain active",calculated from solid PLA cuboid and TDS density; colors affect rendering only
OBJ-GREEN-02,object_green_02,WORLD freejoint,free rigid rectangular cuboid,"[0.028, 0.028, 0.016]",0.015554560,"[0,0,0]","[1.348062e-06, 1.348062e-06, 2.032463e-06, 0.0, 0.0, 0.0]",freejoint,free; destination checked by evaluator,"Object/table, object/tray and object/finger contacts remain active",calculated from solid PLA cuboid and TDS density; colors affect rendering only
OBJ-BLUE-01,object_blue_01,WORLD freejoint,free rigid rectangular cuboid,"[0.028, 0.028, 0.016]",0.015554560,"[0,0,0]","[1.348062e-06, 1.348062e-06, 2.032463e-06, 0.0, 0.0, 0.0]",freejoint,free; destination checked by evaluator,"Object/table, object/tray and object/finger contacts remain active",calculated from solid PLA cuboid and TDS density; colors affect rendering only
OBJ-BLUE-02,object_blue_02,WORLD freejoint,free rigid rectangular cuboid,"[0.028, 0.028, 0.016]",0.015554560,"[0,0,0]","[1.348062e-06, 1.348062e-06, 2.032463e-06, 0.0, 0.0, 0.0]",freejoint,free; destination checked by evaluator,"Object/table, object/tray and object/finger contacts remain active",calculated from solid PLA cuboid and TDS density; colors affect rendering only
